commit,commit_date,author_date,path,loc,lloc,comments,blanks,entities,inter_cd,intra_cd,cc
278705c51dd9febf36f74a1b7a777bdb1a7ec44c,2014-12-15 14:57:33-08:00,2014-12-14 17:00:07-08:00,pinot-controller/src/main/java/com/linkedin/pinot/controller/helix/core/PinotHelixResourceManager.java,776,776,"pinot 2.0 Controller backend

RB=408183
R=kgopalak,dpatel
A=dpatel",79,51,1.4221959072768144,1.4221959002181455,71
f6884643e1219317f4347c41e887dd6cff955a6f,2014-12-19 17:16:11-08:00,2014-12-17 16:29:23-08:00,pinot-controller/src/main/java/com/linkedin/pinot/controller/helix/core/PinotHelixResourceManager.java,834,834,"1. Adding segmentMetadata start/end time into segmentMetadata creation, segmentMetadata loader.
2. Adding RetentionManager to scan segments and delete them based on configs.",85,59,1.4352085618709596,1.4352085511834345,78
652d3c3474aadc8e0fd3a3e4c55494318e2d0aeb,2014-12-19 17:16:11-08:00,2014-12-18 14:52:41-08:00,pinot-controller/src/main/java/com/linkedin/pinot/controller/helix/core/PinotHelixResourceManager.java,795,795,"Adding SegmentDeletionManager to handle deletes segment from helix
property store and local disk.
Adding more test into TestRetentionManager",82,56,1.4391033305995207,1.4391033187920261,69
00135672e3375f78600514aa70ed583f8dbb6422,2014-12-19 17:16:11-08:00,2014-12-19 15:55:34-08:00,pinot-controller/src/main/java/com/linkedin/pinot/controller/helix/core/PinotHelixResourceManager.java,795,795,"Refactor SegmentTimeUnit to TimeUnit.

RB=410117
R=kgopalak,dpatel
A=kgopalak",82,56,1.437105237944366,1.4371052264089479,69
ab0f8194cc98d0d6647b2a83aae7059aa322442a,2015-01-13 16:06:37-08:00,2015-01-13 16:06:37-08:00,pinot-controller/src/main/java/com/linkedin/pinot/controller/helix/core/PinotHelixResourceManager.java,797,797,Store the segment push time and refresh time in Helix properties,82,56,1.43657134324301,1.4365713344707542,69
2ef037c0b380cef50575388ec61675d571a377b6,2015-01-30 14:36:25-08:00,2015-01-30 14:36:09-08:00,pinot-controller/src/main/java/com/linkedin/pinot/controller/helix/core/PinotHelixResourceManager.java,814,814,"Refactored checks for brokerResource

RB=424351
R=kgopalak,xiafu,jfim,dpatel
A=dpatel",85,57,1.4439474218156654,1.4439474164328325,71
f685883e08b57bcf0efee6ac78af8a67a50e1ab9,2015-02-02 16:32:48-08:00,2015-02-02 11:33:33-08:00,pinot-controller/src/main/java/com/linkedin/pinot/controller/helix/core/PinotHelixResourceManager.java,812,812,"Review feedback for RB-408183.

1. Adding two currently unused functions: removeServerInstance(...) and
removeBrokerInstance(...) in HelixHelper. Will check it's not online,
then remove it.

2. Clean some dummy code.",84,57,1.44328124874525,1.4432812430785658,71
9533eb93fa04bc54309883b16878cc1794ba3ea1,2015-02-08 21:08:40-08:00,2015-02-08 21:07:21-08:00,pinot-controller/src/main/java/com/linkedin/pinot/controller/helix/core/PinotHelixResourceManager.java,812,812,"Fixing segment refresh won't get notified to server.

RB=428221
R=kgopalak,xiafu,jfim,dpatel
A=dpatel",84,57,1.4433546128604255,1.4433546049512576,71
07a72997b8c2c28fa7e1b9db68f54e08133a3049,2015-02-11 14:10:30-08:00,2015-02-11 14:05:26-08:00,pinot-controller/src/main/java/com/linkedin/pinot/controller/helix/core/PinotHelixResourceManager.java,846,846,"Fixing segment refresh logic to make sure idealStates changes relected
on externalView.

RB=428961
R=kgopalak,xiafu,jfim,dpatel
A=dpatel",85,59,1.4421265249543784,1.4421265108733017,80
c2a9cd5a98b5790805f38decead48cd7aef54c35,2015-02-11 21:01:47-08:00,2015-02-11 21:01:39-08:00,pinot-controller/src/main/java/com/linkedin/pinot/controller/helix/core/PinotHelixResourceManager.java,849,849,"Adding log for HelixResourceManager refresh logic.

RB=428961
R=kgopalak,xiafu,jfim,dpatel
A=dpatel",85,59,1.444271197662931,1.444271187887113,80
8e4f6c4b6413f151b4679ef01ee8c087925597b1,2015-02-12 14:14:24-08:00,2015-02-11 19:45:23-08:00,pinot-controller/src/main/java/com/linkedin/pinot/controller/helix/core/PinotHelixResourceManager.java,849,849,"Replaced condition that is always true by the intended one

RB=430624
R=kgopalak,xiafu,jfim,dpatel
A=dpatel",85,59,1.4443241531994706,1.444324140484282,79
6ed882331f73f16295d17ba9faffce4ce621613c,2015-03-05 18:51:41-08:00,2015-03-05 18:47:58-08:00,pinot-controller/src/main/java/com/linkedin/pinot/controller/helix/core/PinotHelixResourceManager.java,987,987,"Code cleanup

RB=441335
R=kgopalak,xiafu,jfim,dpatel
A=dpatel",93,62,1.4744721598373725,1.4744721564799304,88
313091ed1f3b4ecec2061cec9ec67b7ef9ef27dc,2015-03-05 19:19:43-08:00,2015-03-05 19:14:04-08:00,pinot-controller/src/main/java/com/linkedin/pinot/controller/helix/core/PinotHelixResourceManager.java,1026,1026,"Fixing dependency change for BrokerRequestUtil changes.

RB=441340
R=xiafu,dpatel
A=dpatel",99,64,1.4759917523921509,1.475991748836317,90
aec97aeb822cc60a8c13769457b738f99a1895a3,2015-03-05 20:32:19-08:00,2015-03-05 20:32:19-08:00,pinot-controller/src/main/java/com/linkedin/pinot/controller/helix/core/PinotHelixResourceManager.java,1048,1048,removing conflicts and fixing helix property store apis,99,63,1.4708765727013269,1.4708765592821782,90
5eda2e4b131b2323d24e8b0f2de010d9ce484691,2015-03-09 15:48:19-07:00,2015-03-09 15:48:19-07:00,pinot-controller/src/main/java/com/linkedin/pinot/controller/helix/core/PinotHelixResourceManager.java,1208,1208,pinot helix resource manager conflicts,106,69,1.5007460565119544,1.5007460539201716,113
41901fa07207c5de8a0e70b8a6959960d22aa4c2,2015-03-11 06:10:07-07:00,2015-03-11 06:10:07-07:00,pinot-controller/src/main/java/com/linkedin/pinot/controller/helix/core/PinotHelixResourceManager.java,1231,1231,pinot helix resource manager conflicts,111,70,1.5001141583535138,1.500114157911606,116
7a18bd5fcafad479c93e61c3017a0c1c0f77ac88,2015-03-12 18:55:47-07:00,2015-03-11 23:36:45-07:00,pinot-controller/src/main/java/com/linkedin/pinot/controller/helix/core/PinotHelixResourceManager.java,1232,1232,"Move ZKMetadata related utls from HelixHelper to ZKMetadataProvider in
pinot-common.

Adding missing properties for zk broker url and decoder class properties",111,70,1.5026453416572745,1.5026453371560238,116
9e294cc480305ba310459eae6d8fc1e65c80f1e3,2015-03-12 18:55:47-07:00,2015-03-12 18:51:59-07:00,pinot-controller/src/main/java/com/linkedin/pinot/controller/helix/core/PinotHelixResourceManager.java,1302,1302,"Make ZKMetadataUtls only depends on PropertyStore.

RB=444514
R=xiafu,dpatel
A=kgopalak,dpatel",115,68,1.5031137550057272,1.5031137535634427,121
ee65cb700c25f467911da767cf3c64c9be1aee9e,2015-03-16 09:47:21-07:00,2015-03-13 15:28:37-07:00,pinot-controller/src/main/java/com/linkedin/pinot/controller/helix/core/PinotHelixResourceManager.java,1302,1302,"Refactored realtime and offline name checks into the same method, fixed setOfflineResourceZkMetadata to use the offline name instead of the undecorated name

RB=445824
R=kgopalak,xiafu,jfim,dpatel
A=dpatel",115,68,1.502610657185284,1.5026106585110255,121
8b0e274b245ec3d64b79d25d4dff74c3902ed4a1,2015-03-18 15:16:43-07:00,2015-03-18 15:05:30-07:00,pinot-controller/src/main/java/com/linkedin/pinot/controller/helix/core/PinotHelixResourceManager.java,1294,1294,"Realtime/Offline Resource Bug fixing

RB=448333
R=xiafu
A=dpatel",117,68,1.5089422938107147,1.5089422952260345,124
72618b3281fa94cd3c2314754e37ec24d31a29ce,2015-03-23 10:46:14-07:00,2015-03-20 22:17:46-07:00,pinot-controller/src/main/java/com/linkedin/pinot/controller/helix/core/PinotHelixResourceManager.java,1299,1299,"Realtime E2E test bug fixing.

RB=449961
R=xiafu,dpatel
A=kgopalak",118,69,1.512491539150662,1.512491541811102,124
4a2684b310ee261f6a41a3495299202587e30546,2015-03-24 12:01:50-07:00,2015-03-24 11:25:35-07:00,pinot-controller/src/main/java/com/linkedin/pinot/controller/helix/core/PinotHelixResourceManager.java,1296,1296,"Fixed property store accesses failing due to the property store having an incorrect property store ZK path

RB=450931
R=kgopalak,xiafu,jfim,dpatel
A=kgopalak",118,69,1.5123293511997817,1.512329354714835,124
1696da4c6e7226349e9bcea36097a1ab5c256537,2015-03-26 14:57:46-07:00,2015-03-26 14:54:55-07:00,pinot-controller/src/main/java/com/linkedin/pinot/controller/helix/core/PinotHelixResourceManager.java,1295,1295,"Fixed NPE

RB=452779
R=kgopalak,xiafu,jfim,dpatel
A=pneppall",118,69,1.5124825822716879,1.5124825851937984,124
faa827ac1a0f2ae7dfbb180323962782240fbf1e,2015-03-26 18:20:37-07:00,2015-03-26 17:00:15-07:00,pinot-controller/src/main/java/com/linkedin/pinot/controller/helix/core/PinotHelixResourceManager.java,1301,1301,"Added logging whenever we are not refreshing a segment due to it already existing, return success whenever we are not refreshing the segment due to it being identical

RB=452973
R=kgopalak,xiafu,jfim,dpatel
A=xiafu",118,69,1.5171017566397076,1.517101759996312,125
f7aaaf830736efa80d4146983dd443342588dda6,2015-03-30 21:13:47-07:00,2015-03-30 21:12:51-07:00,pinot-controller/src/main/java/com/linkedin/pinot/controller/helix/core/PinotHelixResourceManager.java,1315,1315,"Workaround for HELIX-590, where multiple concurrent writes to the same znode would cause some of the writes to fail silently, causing some partitions to not be brought online

RB=454644
R=kgopalak,xiafu,jfim,dpatel
A=xiafu",122,69,1.5170218917366871,1.5170218939890399,125
65c5c746dd37150e87b1ba75adb252ec1bf08aa9,2015-03-31 17:54:26-07:00,2015-03-31 17:06:29-07:00,pinot-controller/src/main/java/com/linkedin/pinot/controller/helix/core/PinotHelixResourceManager.java,1321,1321,"Removed wait for partitions to be online in the external view, made the online to offline timeout configurable

RB=455345
R=kgopalak,xiafu,jfim,dpatel
A=dpatel",123,70,1.5181379060065534,1.5181379082119597,124
75063b91d6eb1450afe481998343028ddbc947cf,2015-04-05 19:06:17-07:00,2015-04-05 18:41:30-07:00,pinot-controller/src/main/java/com/linkedin/pinot/controller/helix/core/PinotHelixResourceManager.java,1325,1325,"Fixing NPE from uploading large segment.

RB=458028
R=xiafu
A=jfim",123,70,1.5175840114707237,1.5175840106867753,129
3dcfe6f99f9cbb7d8590136705503c13d3f0bd0a,2015-04-06 10:52:48-07:00,2015-04-06 00:29:36-07:00,pinot-controller/src/main/java/com/linkedin/pinot/controller/helix/core/PinotHelixResourceManager.java,1335,1335,"Fixing issue when delete resource, controller won't clean up
PropertyStore clearly.

RB=458065
R=xiafu
A=jfim",123,70,1.5166523182253748,1.5166523177061022,132
d8da0e83608abc4d90835993e8df903df5593b87,2015-04-17 11:40:36-07:00,2015-04-17 11:27:06-07:00,pinot-controller/src/main/java/com/linkedin/pinot/controller/helix/core/PinotHelixResourceManager.java,1254,1254,"PINOT-1434 Consolidate Helix access into one class

RB=465266
R=xiafu,jfim,dpatel
A=dpatel",118,67,1.5263710537777888,1.5263710544676248,124
01f188bdae2dda9aae55994edfe380752fb5312f,2015-04-26 22:49:32-07:00,2015-04-26 17:54:27-07:00,pinot-controller/src/main/java/com/linkedin/pinot/controller/helix/core/PinotHelixResourceManager.java,1249,1249,"Refactor HelixHelper from pinot-controller to pinot-common.
Change the module dependency for pinot-controller to test scope in
pinot-broker.
Fix failed pinot-broker unit test.

RB=470088
R=xiafu
A=jfim",112,67,1.5245541570695103,1.5245541576281578,124
12fed8d43745d3749b453747977f4203a275fe35,2015-05-06 12:49:05-07:00,2015-05-06 12:41:58-07:00,pinot-controller/src/main/java/com/linkedin/pinot/controller/helix/core/PinotHelixResourceManager.java,1249,1249,"Logger cleanup part 2: All loggers renamed to LOGGER, all loggers made static and final (except where we can't)

RB=476783
R=kgopalak,xiafu,jfim,dpatel
A=mshrivas",112,67,1.5240705878764778,1.5240705866497966,124
66242baa66255c65af163610a19fac7b7be3d3dc,2015-05-06 17:06:35-07:00,2015-05-06 16:58:10-07:00,pinot-controller/src/main/java/com/linkedin/pinot/controller/helix/core/PinotHelixResourceManager.java,1254,1254,"Adding more logs for dealing with segment deletion.

RB=477172
R=xiafu
A=dpatel",112,67,1.5247891744492073,1.5247891748008995,126
f2c9706abce65a7eb7d4b7f9b01ac4011a756bd8,2015-05-06 18:56:21-07:00,2015-05-06 18:09:29-07:00,pinot-controller/src/main/java/com/linkedin/pinot/controller/helix/core/PinotHelixResourceManager.java,1280,1280,"Invalidate the segment metadata if refresh fails, log if for some reason the ZK write to the ideal state fails

RB=477277
R=kgopalak,xiafu,jfim,dpatel
A=dpatel",114,67,1.5243316841595873,1.524331684059483,131
9ef95f320abe9814abbda7a2e9e4fc7e4c61e547,2015-05-06 18:57:07-07:00,2015-05-06 14:00:03-07:00,pinot-controller/src/main/java/com/linkedin/pinot/controller/helix/core/PinotHelixResourceManager.java,1283,1283,"Code cleanups: Added exception logging, adding missing hashCode method, made fields final, changed ControllerRequestURLBuilder to be immutable

RB=476893
R=kgopalak,xiafu,jfim,dpatel
A=dpatel",114,67,1.5240041380588571,1.5240041401664013,131
b8a9ab2ddfa4ed5ce4920af17f644b82ec3f42d2,2015-05-15 17:41:13-07:00,2015-05-15 17:38:36-07:00,pinot-controller/src/main/java/com/linkedin/pinot/controller/helix/core/PinotHelixResourceManager.java,1285,1285,"Put HelixSetupUtils and ZKMetadataUtils into package:
com.linkedin.pinot.controller.helix.core.util

RB=483414
R=xiafu
A=dpatel",114,67,1.5240041380588571,1.5240041390952987,131
13bcd244c3c7d1025e64d3aa9f789b793b5f5c97,2015-05-18 22:09:54-07:00,2015-05-18 17:31:30-07:00,pinot-controller/src/main/java/com/linkedin/pinot/controller/helix/core/PinotHelixResourceManager.java,1122,1122,"Remove table concept from codebase

RB=484372
R=xiafu
A=dpatel",100,57,1.5007444395171006,1.5007444369681742,111
3a3fc45d4164a2b80db756d95e96e942d43d6979,2015-05-20 03:33:52-07:00,2015-05-19 02:56:59-07:00,pinot-controller/src/main/java/com/linkedin/pinot/controller/helix/core/PinotHelixResourceManager.java,1533,1533,"Adding tenant into controller

RB=484517
R=xiafu,dpatel
A=dpatel",128,84,1.4881328539087346,1.4881328536805103,180
6dec3c4bb8397411889152d940cd7e8e50137070,2015-05-20 04:05:45-07:00,2015-05-19 21:31:26-07:00,pinot-controller/src/main/java/com/linkedin/pinot/controller/helix/core/PinotHelixResourceManager.java,1615,1615,"adding schema apis

RB=485354
R=dpatel
A=xiafu",132,87,1.505336658283961,1.5053366559485752,183
14f7f4f5178b38042e924747057755ad4c0c2d97,2015-05-20 04:07:29-07:00,2015-05-20 02:04:10-07:00,pinot-controller/src/main/java/com/linkedin/pinot/controller/helix/core/PinotHelixResourceManager.java,1639,1639,adding new table APIs ... currently they are not wired,134,87,1.505336658283961,1.5053366564632296,183
103234f78f3e98da0be151a0954ff2014c48060a,2015-05-20 04:59:46-07:00,2015-05-20 04:59:46-07:00,pinot-controller/src/main/java/com/linkedin/pinot/controller/helix/core/PinotHelixResourceManager.java,1714,1714,renaming ResourceType to TableType,140,90,1.5124705468897661,1.512470545161471,189
503e6ea047926028447a076c53c98a7e2fbde333,2015-05-21 01:16:42-07:00,2015-05-21 01:13:04-07:00,pinot-controller/src/main/java/com/linkedin/pinot/controller/helix/core/PinotHelixResourceManager.java,1911,1911,"Adding ControllerSentinalTest for v2 apis with addTable works.

RB=486093
R=xiafu,dpatel
A=dpatel",162,95,1.5024961233969514,1.5024961206479024,221
bbbadb6bcdf7edb63d6716efbd69a23246e817cb,2015-05-21 03:02:24-07:00,2015-05-21 02:39:05-07:00,pinot-controller/src/main/java/com/linkedin/pinot/controller/helix/core/PinotHelixResourceManager.java,1936,1936,"Fixing ValidationManager with controller v2 apis.

RB=486245
R=xiafu
A=dpatel",164,96,1.506981401601431,1.5069814025124035,224
9261db1b572c75a45d39718b848a6556393f7a60,2015-05-21 05:37:05-07:00,2015-05-21 05:18:58-07:00,pinot-controller/src/main/java/com/linkedin/pinot/controller/helix/core/PinotHelixResourceManager.java,1962,1962,"Fixing broker,controller,transport v2 apis
Remove useless test
Add deprecated notion to v1 apis

RB=486266
R=xiafu
A=dpatel",160,96,1.5114415073175553,1.511441508114901,228
fe208d68b81597f46eefb5d2d05f8404b5101e26,2015-05-21 05:40:07-07:00,2015-05-21 00:09:38-07:00,pinot-controller/src/main/java/com/linkedin/pinot/controller/helix/core/PinotHelixResourceManager.java,2025,2025,"adding get calls on table for get brokers, servers and get configs

RB=486214
R=xiafu
A=xiafu",168,101,1.5142907947366853,1.5142907938240284,229
156b7916839e734c3c0b1121997a3ff129efdc69,2015-05-21 05:40:08-07:00,2015-05-21 05:15:20-07:00,pinot-controller/src/main/java/com/linkedin/pinot/controller/helix/core/PinotHelixResourceManager.java,2032,2032,adding a Property Store helper,170,101,1.5065272209187799,1.506527219451136,229
6c52c8cfa1c113130199d01824389bd902679f20,2015-05-21 05:40:08-07:00,2015-05-21 05:25:17-07:00,pinot-controller/src/main/java/com/linkedin/pinot/controller/helix/core/PinotHelixResourceManager.java,2032,2032,bug fix in the property store helper,170,101,1.506608705538584,1.5066087038516318,229
d4c1bbbaf386cf8873004ba62375a3dc0cd9d7c6,2015-05-21 10:08:50-07:00,2015-05-21 09:50:50-07:00,pinot-controller/src/main/java/com/linkedin/pinot/controller/helix/core/PinotHelixResourceManager.java,2042,2042,"making realtime, offline and hybrid integration test pass

RB=486223
R=dpatel
A=xiafu",170,101,1.5068765298340348,1.5068765300685498,237
7289e57b58ce5037df16fecc51a6835aa2a2994b,2015-05-22 14:32:02-07:00,2015-05-22 04:20:56-07:00,pinot-controller/src/main/java/com/linkedin/pinot/controller/helix/core/PinotHelixResourceManager.java,2042,2042,refactoring tenant,170,101,1.5068765298340348,1.5068765330152205,237
b7685f0488c471a137cc9ff287a55f41f9f42b70,2015-05-22 14:32:02-07:00,2015-05-22 10:38:04-07:00,pinot-controller/src/main/java/com/linkedin/pinot/controller/helix/core/PinotHelixResourceManager.java,2110,2110,added table update apis,176,105,1.5141839176209233,1.5141839181952876,259
66c00fedf984610dffc00bfebef250bac1110896,2015-05-22 14:32:02-07:00,2015-05-22 12:05:51-07:00,pinot-controller/src/main/java/com/linkedin/pinot/controller/helix/core/PinotHelixResourceManager.java,2131,2131,adding missing segment get APIs,178,106,1.5143795318922637,1.5143795276750134,263
1ad763e7b8824e3a2efb45649286b55597e184a2,2015-05-22 17:04:29-07:00,2015-05-21 14:46:54-07:00,pinot-controller/src/main/java/com/linkedin/pinot/controller/helix/core/PinotHelixResourceManager.java,1261,1261,"Clean up controller v1 apis.

RB=486698
R=xiafu
A=jfim",110,83,1.5043109135827717,1.5043109093617129,172
42a905c939055a86fb0f7bccc842f34b4cc8853b,2015-05-25 12:10:02-07:00,2015-05-24 23:32:02-07:00,pinot-controller/src/main/java/com/linkedin/pinot/controller/helix/core/PinotHelixResourceManager.java,1261,1261,"Move all the resource related methods, variables, configs to table
related stuffs.

RB=487751
R=xiafu
A=kgopalak",110,83,1.5040875711574713,1.5040875665555105,172
09a1d135113c6bc13b6a51c9bdbd56a0c51f3d6c,2015-05-26 11:55:11-07:00,2015-05-26 10:01:11-07:00,pinot-controller/src/main/java/com/linkedin/pinot/controller/helix/core/PinotHelixResourceManager.java,1260,1260,"Removing author tags for open source preparation.

RB=487969
R=kgopalak,xiafu,jfim,dpatel
A=jfim",110,83,1.5040875711574713,1.5040875682213475,172
cc8f47858cbe0b1e0583839cf86957e991f03b28,2015-05-26 16:10:34-07:00,2015-05-26 00:07:16-07:00,pinot-controller/src/main/java/com/linkedin/pinot/controller/helix/core/PinotHelixResourceManager.java,1314,1314,"Adding instance enable/disable Apis.

RB=487866
R=xiafu
A=dpatel",114,86,1.5102388207611568,1.5102388171760217,185
ccbf00b5a70b4fabd9ad6e52d64fbfda18861530,2015-05-27 19:45:57-07:00,2015-05-27 01:11:19-07:00,pinot-controller/src/main/java/com/linkedin/pinot/controller/helix/core/PinotHelixResourceManager.java,1341,1341,"Adding single tenant cluster as a default option.

RB=488758
R=xiafu
A=kgopalak",116,89,1.5144565687981688,1.5144565664435596,188
24eb76a00146b752cb6bd66ab44b47033e8b0a07,2015-06-02 10:44:39-07:00,2015-06-01 19:28:26-07:00,pinot-controller/src/main/java/com/linkedin/pinot/controller/helix/core/PinotHelixResourceManager.java,1343,1343,"Added logging

RB=492354
R=kgopalak,xiafu,jfim,dpatel,mshrivas
A=xiafu",116,89,1.5141984550518466,1.5141984559814696,188
c4bb0ddb9b89817e536a0a1eb57329cd1c59417c,2015-06-04 20:52:46-07:00,2015-06-04 16:42:28-07:00,pinot-controller/src/main/java/com/linkedin/pinot/controller/helix/core/PinotHelixResourceManager.java,1330,1330,"removed schema version

RB=495216
R=dpatel
A=xiafu",114,89,1.5128181101088725,1.5128181056522008,186
c17cbce707c98951fdfe22972d94d8696d29de21,2015-06-06 00:47:57-07:00,2015-06-05 23:06:08-07:00,pinot-controller/src/main/java/com/linkedin/pinot/controller/helix/core/PinotHelixResourceManager.java,1328,1328,quickstart and the new console,114,89,1.5165857646271295,1.516585765147916,186
22dad8274b415968efc35cc5f17df358aea11938,2015-06-08 18:31:22-07:00,2015-06-08 18:16:27-07:00,pinot-controller/src/main/java/com/linkedin/pinot/controller/helix/core/PinotHelixResourceManager.java,1332,1332,"Simple quickstart using pinot-admin

RB=497325
R=kgopalak,xiafu,jfim,dpatel
A=dpatel",115,90,1.5131701321401347,1.5131701352786662,186
34ca1b8378d57a789dc6af0fb43a186a7b4aa600,2015-07-29 14:30:47-07:00,2015-07-28 17:53:27-07:00,pinot-controller/src/main/java/com/linkedin/pinot/controller/helix/core/PinotHelixResourceManager.java,1332,1332,"PINOT-1827: Correct schema related NullPointerExceptions

* return empty Array, if no schemas are found
* return empty Object, if schemaName is not found

RB=531460
BUG=
G=pinot-dev-reviewers
R=jfim
A=jfim",115,90,1.5134425826930624,1.5134425858035792,187
4a131e55c8cc3879145ec357051d4b0781d3a9ac,2015-08-03 14:51:52-07:00,2015-08-02 08:22:06-07:00,pinot-controller/src/main/java/com/linkedin/pinot/controller/helix/core/PinotHelixResourceManager.java,1506,1506,[PINOT-1670] Adding controller api's for enable/disable/drop of segment/instance/table/tenant,138,97,1.5110624835751838,1.5110624868142672,212
7fb0ec438bd38db4a86a099a2f1c90595fa81600,2015-08-04 14:32:45-07:00,2015-06-26 10:36:32-07:00,pinot-controller/src/main/java/com/linkedin/pinot/controller/helix/core/PinotHelixResourceManager.java,1559,1559,[PINOT-1419]: Handle concurrent ideal state by multiple controllers,145,99,1.5213267027746302,1.521326707948494,215
d2414ec0e4ed6a23438066840957bc064952c91a,2015-08-10 15:25:27-07:00,2015-08-10 13:53:47-07:00,pinot-controller/src/main/java/com/linkedin/pinot/controller/helix/core/PinotHelixResourceManager.java,1579,1579,PINOT-1876: Remove PinotHelixAdmin class,148,101,1.5386791446050458,1.5386791481940656,215
ee9dd17118a0c88a2ffb4a302769ead10a6ff2d5,2015-08-27 11:04:21-07:00,2015-08-26 15:49:26-07:00,pinot-controller/src/main/java/com/linkedin/pinot/controller/helix/core/PinotHelixResourceManager.java,1594,1594,[PINOT-1909]: Added feature to be able to delete a schema,148,102,1.5399853703001696,1.5399853714970262,218
5a502a2e19e4ac37e04f719549330326d4e60728,2015-09-01 15:33:54-07:00,2015-09-01 11:49:35-07:00,pinot-controller/src/main/java/com/linkedin/pinot/controller/helix/core/PinotHelixResourceManager.java,1598,1598,"PINOT-1828: Set correct return status for controller-api's

RB=558029
G=pinot-dev-reviewers
R=kgopalak,xiafu,jfim,dpatel
A=jfim,ssubrama",149,102,1.540131821423177,1.5401318227364607,218
6b9d59996f520d610578d9ce8bbb2a4ce8567aff,2015-09-14 13:22:16-07:00,2015-09-10 13:48:06-07:00,pinot-controller/src/main/java/com/linkedin/pinot/controller/helix/core/PinotHelixResourceManager.java,1602,1602,PINOT-2032 Ignore segments in error state when waiting for external view to reflect ideal state changes on segment refresh,153,102,1.5400772926005124,1.5400772941537926,217
4e7013da3a2a0f443ec74d16cc2bbc1b11b52707,2015-09-14 13:24:51-07:00,2015-09-14 13:22:05-07:00,pinot-controller/src/main/java/com/linkedin/pinot/controller/helix/core/PinotHelixResourceManager.java,1606,1606,"Added flag to ignore segments in error state when waiting for external view to reflect changes

RB=564641
G=pinot-dev-reviewers
R=kgopalak,jfim,ssubrama,dpatel,mshrivas
A=ssubrama",153,102,1.540803928704308,1.5408039298596927,219
9d984a0048f81a4da14b2059ca1912d0924688df,2015-10-14 14:19:54-07:00,2015-10-13 19:07:27-07:00,pinot-controller/src/main/java/com/linkedin/pinot/controller/helix/core/PinotHelixResourceManager.java,1643,1643,"adding a hybrid quick start

RB=588224
G=pinot-dev-reviewers
A=mshrivas",156,104,1.5486619274278262,1.548661926708341,225
8fcd709c6c50f79b982ec49b293729fe069ab843,2015-10-15 13:50:55-07:00,2015-10-14 20:11:42-07:00,pinot-controller/src/main/java/com/linkedin/pinot/controller/helix/core/PinotHelixResourceManager.java,1643,1643,"PINOT-2197 Increase default timeout for refresh to 120s, fix issue where refresh external view timeout was always 10s even when configured otherwise, remove server-side HTTP timeout.

RB=589313
G=pinot-dev-reviewers
R=kgopalak,xiafu,jfim,dpatel,mshrivas
A=ssubrama",155,105,1.5565541033316406,1.5565541006100143,225
06e809f940aadc001b739bcbaf3e346d15850014,2015-10-21 11:17:59-07:00,2015-10-20 17:08:52-07:00,pinot-controller/src/main/java/com/linkedin/pinot/controller/helix/core/PinotHelixResourceManager.java,1643,1643,"[PINOT-2234] Remove watches created by broker and server for the nodes under PROPERTYSTORE

Introduced a new API that the controller can call, so that it can set up a listener
on the nodes under PROPERTYSTORE. The other callers can continue to use the old API
which will now stop setting up a watch on the nodes under PROPERTYSTORE.

RB=593694
BUG=PINOT-2187,PINOT-2234
G=pinot-dev-reviewers
R=kgopalak,jfim,dpatel
A=kgopalak,mshrivas",155,105,1.557450212762171,1.5574502145431677,225
517c9abc54182e92db192261d9b850aa94cd93d1,2015-12-09 17:23:07-08:00,2015-12-09 14:31:15-08:00,pinot-controller/src/main/java/com/linkedin/pinot/controller/helix/core/PinotHelixResourceManager.java,1648,1648,[PINOT-2439]: Reduce number of ZK watchers on Pinot Controller,157,106,1.5551339377336433,1.5551339379733045,225
dae60ed20477275863a0be67ef35258576fc5c19,2015-12-17 11:23:27-08:00,2015-12-17 11:23:27-08:00,pinot-controller/src/main/java/com/linkedin/pinot/controller/helix/core/PinotHelixResourceManager.java,1653,1653,Logging messages when updating segment state,157,106,1.5554306145333268,1.5554306138331706,225
6ab01724c2288dba84861788122010306bc897b1,2015-12-24 11:59:48-08:00,2015-12-23 15:50:47-08:00,pinot-controller/src/main/java/com/linkedin/pinot/controller/helix/core/PinotHelixResourceManager.java,1719,1719,"[PINOT-2451] Changed the segment refresh to be message based instead of toggling states

The server is now capable of handling a helix message that can be used to trigger a segment refresh.
The controller has been changed to send out this message instead of the usual ONLINE-to-OFFLINE-to-ONLINE
state transition on a selective basis. New segment adds (and segment drops) happen as before.

The controller looks for a table configuration setting (under metadata/customConfigs) to decide
whether to use the messaging or state transition for segment refresh. The table configuration is as:

        ""messsageBasedRefresh"" : ""true""

If this config is found, then a message is sent to the server to refresh the segment.

Also changed a log message in the server to print the request Id, to match up query logs on the broker.",159,108,1.5588945356762258,1.558894536760948,234
26c43debc2ab10f0e6206b00ff19c93832c57ad6,2016-01-04 11:18:50-08:00,2016-01-03 15:36:59-08:00,pinot-controller/src/main/java/com/linkedin/pinot/controller/helix/core/PinotHelixResourceManager.java,1721,1721,"[PINOT-2451] Fixed segment refresh logic when servers are down. Added a unit test

RB=635526
BUG=PINOT-2451
G=pinot-dev-reviewers
R=kgopalak,jfim,atumbde,mshrivas
A=kgopalak,mshrivas",159,108,1.5592113537929935,1.5592113544079669,234
537212a0c9f4f958b7c80508a97eae44a4234789,2016-01-07 16:11:51-08:00,2016-01-07 15:27:25-08:00,pinot-controller/src/main/java/com/linkedin/pinot/controller/helix/core/PinotHelixResourceManager.java,1727,1727,"[EKG-85543] Fix NPE on segment refresh when no instances exist for the table.

Segments can be added when there are no instances for a table, but if one is refreshed,
we throw an NPE. This happens only in state-changed based refresh, however.",159,108,1.5598352936748734,1.5598352935296145,238
78ebfea37203368b5b05b522673e070aa6a13534,2016-01-12 16:15:54-08:00,2016-01-12 09:34:10-08:00,pinot-controller/src/main/java/com/linkedin/pinot/controller/helix/core/PinotHelixResourceManager.java,1725,1725,"[PINOT-2554] Set new refresh protocol to be default unless specified otherwise in zookeeper.

RB=639904
BUG=PINOT-2554
G=pinot-dev-reviewers
R=kgopalak,jfim,atumbde,mshrivas
A=atumbde",159,108,1.5598561790389107,1.5598561797198274,238
30cfb13d00b5204191bc82af3c82ebf485fd6b64,2016-01-27 17:19:45-08:00,2016-01-27 15:33:43-08:00,pinot-controller/src/main/java/com/linkedin/pinot/controller/helix/core/PinotHelixResourceManager.java,1725,1725,"PINOT-2614 Add REST API endpoint for updating realtime schemas

RB=649351
G=pinot-dev-reviewers
R=kgopalak,jfim,atumbde,ssubrama,mshrivas
A=atumbde",159,108,1.5599517676197434,1.559951768318832,238
8b9df536485240a17d7f4ebbf461fba725cc1224,2016-02-05 13:22:41-08:00,2016-02-05 10:18:19-08:00,pinot-controller/src/main/java/com/linkedin/pinot/controller/helix/core/PinotHelixResourceManager.java,1735,1735,"Fix Server and Controller log message to include table and segment names, reason for rejection

RB=655890
G=pinot-dev-reviewers
R=kgopalak,jfim,atumbde,mshrivas
A=atumbde",160,108,1.5589897767756598,1.558989778781192,238
ec948cd7ee32b3dda7f9a40b74876ea98196a51c,2016-03-16 12:56:31-07:00,2016-03-15 18:31:56-07:00,pinot-controller/src/main/java/com/linkedin/pinot/controller/helix/core/PinotHelixResourceManager.java,1739,1739,"Make query console (/pql?) only send queries to broker nodes in liveinstances

Sometimes broker nodes go down or vanish which leads to queries to controller nodes failing

RB=683611
G=pinot-dev-reviewers
A=jfim",161,109,1.5600257309987278,1.5600257275331064,238
c2b00e0a149149f02e96ea889705b72f1aee29b4,2016-05-31 12:52:29-07:00,2016-05-23 16:17:34-07:00,pinot-controller/src/main/java/com/linkedin/pinot/controller/helix/core/PinotHelixResourceManager.java,1736,1736,"Ignore unknown keys when mapping json configuration objects.

Updated Tenant, table custom config, segment retention config, tenant config
to ignore unknown configuration keys for forward compatibility of software.
Schema already ignores unknown json keys.

RB=733094
G=pinot-dev-reviewers
R=xajiang,jfim,mshrivas,kgopalak,vradhakr,raringun,ssubrama
A=ssubrama",161,109,1.559871864814385,1.5598718658782253,238
42e85f8ec23bb1e4a02fc98c7deedc523a0013fc,2016-06-07 15:25:52-07:00,2016-06-07 13:04:16-07:00,pinot-controller/src/main/java/com/linkedin/pinot/controller/helix/core/PinotHelixResourceManager.java,1736,1736,"Add instance creation API (#162)

Add an API to create instances given a host, port and instance type
(server or broker), with an optional host tag. Add unit test and API
documentation.",161,109,1.559875843035706,1.5598758362112808,238
887fed50088b36f9b7e8c311c7ce0017dac49a9a,2016-06-08 11:10:35-07:00,2016-06-08 11:10:35-07:00,pinot-controller/src/main/java/com/linkedin/pinot/controller/helix/core/PinotHelixResourceManager.java,1763,1763,"Added controller API to provide table sizes (#156)

Controller API provides reported and estimated table
size in bytes at uri /tables/tableName/size. The segments
sizes are read from the server. If a server fails, we estimate
the size for segments on that server to based on the max size
reported from other servers. Actual sizes reported from servers
are reported separately from estimated sizes.

Testing: UT + manual
PR: 156
Approver: Subbu",162,110,1.5598746133505457,1.559874609938394,239
7c90c763c069f6f7b8db1756158805eb8e7655d5,2016-06-13 14:41:18-07:00,2016-06-13 11:25:39-07:00,pinot-controller/src/main/java/com/linkedin/pinot/controller/helix/core/PinotHelixResourceManager.java,1763,1763,"Update license year to 2014-2016 (#193)

Reviewer: Joe",162,110,1.5598746133505457,1.559874613579459,239
98b4ed8c3dfdfe8c898cf4a6375543874766a873,2016-06-17 10:23:45-07:00,2016-06-17 10:23:45-07:00,pinot-controller/src/main/java/com/linkedin/pinot/controller/helix/core/PinotHelixResourceManager.java,1767,1767,"[PINOT-3198] Part 2 of 2 commits to change SegmentOnlineOfflineStateModel to contain the new CONSUMING state (#211)

Added a configurable option for the controller to change the state model to prepare the cluster for
adding low-level kafka consumers.

Any new clusters created will be created with the new version of the state model, but the servers will
not go through the new states since the controller only updates the IDEALSTATE to contain ONLINE or OFFLINE
states.

Tests:
- Ran integration tests with a version of the server that does NOT have the changes for the new state transitions
  (the clusters in these tests were created with the new state model).
- Manually tested the case where a controller upgrade for a previously created cluster leaves the statemodel
  untouched
- Manually tested that adding the config to turn on the statemodel update works, and updates the state model
  as expected, and we can add new segments and queries work after the update.",162,111,1.5581689518407114,1.5581689543960655,239
82fbff256f3bc860a6252b130c267978e080a167,2016-07-20 10:49:43-07:00,2016-07-20 10:49:43-07:00,pinot-controller/src/main/java/com/linkedin/pinot/controller/helix/core/PinotHelixResourceManager.java,1769,1769,"[PINOT-3204] Plumbing the path for adding a new table. (#279)

* [PINOT-3204] Plumbing the path for adding a new table.

Changed kafka consumer type in config to be a list rather than a single type

Added a new config variable for num replicas of low-level consumer. There is some discussion on this,
so I may change this later.

Added a class for segment metadata for LLC segments.

Added methods to create initial segment metadata for low level segments

* Addressed all review comments",162,111,1.5568474334311668,1.5568474410586515,239
cee43ee2417e839e5bb56d9c70edbf09123e316e,2016-07-22 13:29:51-07:00,2016-07-22 13:29:51-07:00,pinot-controller/src/main/java/com/linkedin/pinot/controller/helix/core/PinotHelixResourceManager.java,1813,1813,"Getting addTable to work with both high and low level consumers (#306)

Tested locally adding tables with high and low-level consumers, adding them
individually, and adding a low-level consumer to an existing table with
high-level consumer",165,112,1.5547117086734388,1.5547117114216193,247
5206108e68be97d313b5d5d61e1660e110eb7638,2016-07-25 18:00:43-07:00,2016-07-25 18:00:43-07:00,pinot-controller/src/main/java/com/linkedin/pinot/controller/helix/core/PinotHelixResourceManager.java,1813,1813,"Fixing log messages when rejecting segment uploads due to time stamp or (#316)

CRC.",165,112,1.554543649546805,1.554543651828398,247
e1c639464ba3dd5fdcc52272457f3a964fa545ed,2016-08-03 13:12:41-07:00,2016-08-03 13:12:41-07:00,pinot-controller/src/main/java/com/linkedin/pinot/controller/helix/core/PinotHelixResourceManager.java,1812,1812,"[PINOT-3411]: Fix bug in tenant update that drops tenants while down (#342)

scaling.

Updating the broker tenant config can drop additional broker instances
when down scaling. A serious side-effect of this is that when Helix is
requested to drop this instance, it does not remove its reference from
the BrokerResource in IdealState. This breaks all future calls to query
instances with a specific tag from Helix. While this PR only addresses
the bug in Pinot, the Helix issue would/should be investigated
separately.",165,112,1.5579910639279804,1.5579910666280072,247
ffbf07089b0c09e65ffc2d998c5e6c51b6a06611,2016-08-03 15:17:11-07:00,2016-08-03 15:17:11-07:00,pinot-controller/src/main/java/com/linkedin/pinot/controller/helix/core/PinotHelixResourceManager.java,1817,1817,[PINOT-3381] Updated ValidationManager to consider high and low level consumer segments correctly for doc count metric (#333),166,113,1.5603599900408316,1.5603599935617556,247
a66ba259c01624e0a3f7f8143075ca8cb7390ff3,2016-08-11 13:18:48-07:00,2016-08-11 13:18:48-07:00,pinot-controller/src/main/java/com/linkedin/pinot/controller/helix/core/PinotHelixResourceManager.java,1815,1815,[PINOT-3464] Set the download url correctly in committing LLC segments (#373),166,113,1.5606821083518576,1.5606821096433185,247
21bb2b849e6de348406516ed84ce7532703d1e2e,2016-08-22 11:49:04-07:00,2016-08-22 11:49:04-07:00,pinot-controller/src/main/java/com/linkedin/pinot/controller/helix/core/PinotHelixResourceManager.java,1817,1817,Fixed DELETE table to not throw NPE when table has only LLC consumer type (#421),166,113,1.5608948206192699,1.5608948224551946,249
782c69938b98deb10d1b19a094af759d4a445041,2016-08-29 20:48:36-07:00,2016-08-29 20:48:36-07:00,pinot-controller/src/main/java/com/linkedin/pinot/controller/helix/core/PinotHelixResourceManager.java,1818,1818,[PINOT-3542] Fix table deletion to delete the kafka partition assignment (#464),166,113,1.560890965393277,1.5608909654301042,249
3dbe323a60d5e58ce7069700af0d37c0e0f28256,2016-09-08 13:35:59-07:00,2016-09-08 13:35:59-07:00,pinot-controller/src/main/java/com/linkedin/pinot/controller/helix/core/PinotHelixResourceManager.java,1818,1818,"[PINOT-3644] Remove watches on HL segments that are completed (#513)

ZkClient re-installs watches on all segments even after the watches have been triggered.
We need to explicitly remove them so that we are watching only one segment per table.",166,113,1.561666427162689,1.5616664283370658,249
5ac3b298341d944f52b7616e11c2129420ef1143,2016-09-13 14:05:50-07:00,2016-09-13 14:05:50-07:00,pinot-controller/src/main/java/com/linkedin/pinot/controller/helix/core/PinotHelixResourceManager.java,1819,1819,Move Helix related method from Schema to SchemaUtils. (#534),166,113,1.5616009396607482,1.5616009394622559,249
ef1fe60312fe008e185797660328765b06aa3d6d,2016-09-27 20:20:27-07:00,2016-09-27 20:20:27-07:00,pinot-controller/src/main/java/com/linkedin/pinot/controller/helix/core/PinotHelixResourceManager.java,1819,1819,Correctly set http status on controller restlets (#613),166,113,1.5618685507847794,1.5618685511698043,249
886dfeafe80a7c32b1499edaf117449343d4b365,2016-09-28 14:52:02-07:00,2016-09-28 11:39:04-07:00,pinot-controller/src/main/java/com/linkedin/pinot/controller/helix/core/PinotHelixResourceManager.java,1840,1840,"Update realtime consumers on index config upload (#619)

Update the realtime consumer configuration for HLC and LLC on index
configuration upload, to ensure that the proper structure for each
consumer type is present when adding/removing a consumer type.",169,114,1.5589110108690827,1.5589110081967117,255
a6d6b72a933143bfa09a10b462541dc4d0a374ea,2016-10-03 16:25:36-07:00,2016-10-03 16:25:36-07:00,pinot-controller/src/main/java/com/linkedin/pinot/controller/helix/core/PinotHelixResourceManager.java,1843,1843,"[PINOT-3743] Remove all traces of LLC when a table is configured with only HLC segments (#637)

* [PINOT-3743] Remove all traces of LLC when a table is configured with only HLC segments

* Fix a timing bug in tests that got triggered because of the 1s sleep",169,114,1.5585328160700547,1.5585328134736078,255
1cb9b44c1cd470662d22b3113c8dec4e11612e03,2016-10-20 09:34:58-07:00,2016-10-20 09:34:58-07:00,pinot-controller/src/main/java/com/linkedin/pinot/controller/helix/core/PinotHelixResourceManager.java,1843,1843,"Fix NPE and return 404 if schema is not found (#696)

On controller REST API call to read table schema, return
404 if the schema is not found. This also fixes NPE issue.",169,114,1.5584725119653384,1.5584725118357154,255
9fcaa5acacaea25496286a4a37e4539c673ed34a,2016-10-24 16:06:14-07:00,2016-10-12 20:58:51-07:00,pinot-controller/src/main/java/com/linkedin/pinot/controller/helix/core/PinotHelixResourceManager.java,1846,1846,"Add pause when waiting for EV change (#682)

Add pause when waiting for EV change if the segment isn't present in
the EV. This avoids hammering ZK in certain conditions (eg. waiting
for EV change when all servers for a given segment are offline).",169,114,1.5586754176384854,1.5586754189244605,256
faf3dcba0df81cc8739719de9f5b87ba8b5d6d1a,2016-11-10 23:13:33-08:00,2016-11-07 17:57:38-08:00,pinot-controller/src/main/java/com/linkedin/pinot/controller/helix/core/PinotHelixResourceManager.java,1903,1903,"Add API to sync brokerResource with Helix tags (#782)

Add a REST API that syncs the brokerResource for a table with the
brokers specified by Helix tags.",177,116,1.5649954718742793,1.5649954696542165,265
28ab0ae2960618b5caa848c408e3f5d7bebee7f4,2016-11-11 10:49:11-08:00,2016-11-11 10:49:11-08:00,pinot-controller/src/main/java/com/linkedin/pinot/controller/helix/core/PinotHelixResourceManager.java,1904,1904,"Fix log messages and exceptions seen during deployment (#777)

* Fix log messages and exceptions seen during deployment

* Addressed review comment",177,116,1.5651620366339343,1.5651620388064007,269
0f2e6d5f8aca5228fe09bcfd7cbffcd68f24b776,2016-11-21 18:18:52-08:00,2016-11-21 18:18:52-08:00,pinot-controller/src/main/java/com/linkedin/pinot/controller/helix/core/PinotHelixResourceManager.java,1908,1908,[PINOT-4124] Update idealstate correctly when adding a table to brokerResource (#845),177,116,1.5654710869348016,1.5654710857136325,269
405adcf3220f4f32dab7537577aab83cb59e8ffc,2016-12-13 01:54:38-08:00,2016-12-13 01:54:38-08:00,pinot-controller/src/main/java/com/linkedin/pinot/controller/helix/core/PinotHelixResourceManager.java,1888,1888,"Controller delete segment will directly drop segments from ideal state (#900)

Controller will directly delete the segments from helix ideal state instead
of marking those offline first and then removing those from idealstate. Helix
manages the part of marking those offline first and then dropping those. Added APIs
for bulk modification of segments for efficiency.

Testing: manual",176,116,1.568379942129171,1.5683799393230675,261
1d32bfb087dfb080fdcf54300078c19052550d25,2016-12-13 15:09:50-08:00,2016-12-13 15:09:50-08:00,pinot-controller/src/main/java/com/linkedin/pinot/controller/helix/core/PinotHelixResourceManager.java,1888,1888,"[PINOT-4167] Auto-update LLC Kafka partition assignment if any parameters change (#903)

* [PINOT-4167] Auto-update LLC Kafka partition assignment if any parameters change

Automatically update the kafka assignment if the capacity or the number of kafka partitions
or the number of replicas per partition changes for the realtime table. The changes will take
effect after the next succcessful run of ValidationManager

* Addressed review comments",176,116,1.569130968677646,1.569130964905846,261
5b1ec33a84cb31bd12e57ade4af20df4b996bd46,2017-01-13 08:48:33-08:00,2017-01-13 08:48:33-08:00,pinot-controller/src/main/java/com/linkedin/pinot/controller/helix/core/PinotHelixResourceManager.java,1893,1893,"Updating the validation manager to rebuild broker resource (#951)

* Updating the validation manager to rebuild the broker resource if we add a new broker",177,117,1.5716374301278049,1.5716374248204295,261
b47edfb46db1572b652dbbac7cc564397529af1c,2017-01-13 13:08:10-08:00,2017-01-13 09:08:54-08:00,pinot-controller/src/main/java/com/linkedin/pinot/controller/helix/core/PinotHelixResourceManager.java,1888,1888,"Revert ""Updating the validation manager to rebuild the broker resource if we …""",176,116,1.569130968677646,1.5691309636618271,261
e1a53b57fedbfdb43b78e7a5fc0a888d0720c6d7,2017-01-13 15:45:34-08:00,2017-01-11 09:28:09-08:00,pinot-controller/src/main/java/com/linkedin/pinot/controller/helix/core/PinotHelixResourceManager.java,1893,1893,Updating the validation manager to rebuild the broker resource if we add a new broker,177,117,1.5716374301278049,1.5716374261102457,261
700b64c41acdd0de48726991e2972a12296d79c0,2017-01-18 17:41:50-08:00,2017-01-18 16:50:15-08:00,pinot-controller/src/main/java/com/linkedin/pinot/controller/helix/core/PinotHelixResourceManager.java,1893,1893,"Update broker resource rebuild endpoint (#970)

Update the broker resource rebuild endpoint to specify that it
requires the table type suffix (eg. myTable_OFFLINE or
myTable_REALTIME). Update the endpoint to return status messages. Set
the HTTP status code to not be 200 on error.",177,117,1.5707953543866653,1.5707953509863755,261
92f950435b676966636e57bd158d7a70e1492dbb,2017-01-23 20:00:04-08:00,2017-01-23 20:00:04-08:00,pinot-controller/src/main/java/com/linkedin/pinot/controller/helix/core/PinotHelixResourceManager.java,1905,1905,"Refactor rebuilding helix entry (#983)

* Refactor rebuilding helix entry and removing unneeded logging.",180,117,1.5698678378088498,1.5698678347504829,262
8fd6fd39ee092bd75c1ccaadc8d06185db863dc3,2017-02-02 11:23:03-08:00,2017-02-02 11:23:03-08:00,pinot-controller/src/main/java/com/linkedin/pinot/controller/helix/core/PinotHelixResourceManager.java,1903,1903,"[PINOT-4406] Optimize idealstate updates when deleting segments from same table (#1014)

* [PINOT-4406] Optimize idealstate updates when deleting segments from same table

It is likely that segments from the same table expire at the same time. Instead
of handling each segment independently, group the deletes of multiple
segments within the same table.

* Addressing review comment

* Modified the code to change the propertystore update as a single operation as well

Added more unit tests.

* Updated to address review comments

* Addressed review comments",180,117,1.5701903201750274,1.5701903167346278,261
f975fcbbcb8b7a03f90389c387e30ebf44bc6ba1,2017-03-08 15:01:57-08:00,2017-03-08 15:01:57-08:00,pinot-controller/src/main/java/com/linkedin/pinot/controller/helix/core/PinotHelixResourceManager.java,1908,1908,Fix NPE and log message when rebuilding broker resource (#1125),180,117,1.5702570951113775,1.5702570902606892,263
17bb73979a51f9c9a7bc2145a78c2a6d42a13fd0,2017-03-16 13:45:08-07:00,2017-03-16 13:45:08-07:00,pinot-controller/src/main/java/com/linkedin/pinot/controller/helix/core/PinotHelixResourceManager.java,1908,1908,"Added PUT request to modify table configuration (#1155)

Added put request that takes type specific table configuration and updates
the configuration in zookeeper. This only sets the configuration and does
not handle required side-effects like increasing number of replicas. (This is
consistent with existing behavior to update segmentsConfig)

Testing: Unit test",180,117,1.5717971854155177,1.5717971830650077,263
51d52ac2474e5dfb6d7e1b46657ab1dfe1055352,2017-03-27 17:26:01-07:00,2017-03-27 17:26:01-07:00,pinot-controller/src/main/java/com/linkedin/pinot/controller/helix/core/PinotHelixResourceManager.java,1910,1910,"Updating table configuration should ensure that realtime cluster is setup (#1204)

PUT call to update table configuration should ensure that realtime cluster
is setup to maintain backwards compatibility.",181,117,1.5706392799445825,1.5706392778428622,263
222827b710d51a9d34360efba6117374e57c6916,2017-03-28 20:59:44-07:00,2017-03-28 20:59:44-07:00,pinot-controller/src/main/java/com/linkedin/pinot/controller/helix/core/PinotHelixResourceManager.java,1909,1909,"Fixes to PUT table configuration API (#1215)

Handle table not found gracefully and correctly return in case of bad input.
Testing: UT",180,117,1.5702114022721292,1.5702113993681588,265
3c9c427ab33ec5dc407eb19fcbb220256f624e10,2017-03-31 22:15:24-07:00,2017-03-31 22:15:24-07:00,pinot-controller/src/main/java/com/linkedin/pinot/controller/helix/core/PinotHelixResourceManager.java,1949,1949,"Implement a RELOAD message to trigger segments reload (#1222)

Allow reload a single segment, and all segments from a table.
Provide restlet API to reload the segments.
The reload is atomic, which means no downtime, no doubled-result.
Added tests to use reload message.",188,120,1.5797751098666006,1.5797751084580216,268
5ca35f741791815125306623badb8641cff42e8f,2017-04-06 10:53:06-07:00,2017-04-06 10:53:06-07:00,pinot-controller/src/main/java/com/linkedin/pinot/controller/helix/core/PinotHelixResourceManager.java,1968,1968,"Log info instead of error for invalid table config uploaded (#1247)

Add a new class InvalidTableConfigException to mark invalid table config",191,123,0.843883904991025,1.6204421923033123,268
c53fbd219fe48bd8ddc98a2b54ba1056386a90d9,2017-04-12 16:03:53-07:00,2017-04-12 16:03:53-07:00,pinot-controller/src/main/java/com/linkedin/pinot/controller/helix/core/PinotHelixResourceManager.java,1963,1963,"Fix NPE from getTableSchema (#1284)

When table does not exist, it will throw NPE.
For OFFLINE table, schema name should be the same as table name.",192,123,0.843528949676724,1.619770046775033,268
6169b4236981fc9b138aa91742026c6b930b7fa2,2017-04-13 10:28:04-07:00,2017-04-13 10:28:04-07:00,pinot-controller/src/main/java/com/linkedin/pinot/controller/helix/core/PinotHelixResourceManager.java,1977,1977,"Gracefully handle create requests for existing offline tables. (#1286)

Return 409 Conflict for requests to create existing offline tables.
POST for existing realtime tables is allowed and handled gracefully because
our tooling relies on that right now for migration to LLC.",192,125,0.5933229008231112,1.647188026540411,269
c701db129fe846f9ad3cd725287910b83d0b68db,2017-04-25 14:05:42-07:00,2017-04-25 14:05:42-07:00,pinot-controller/src/main/java/com/linkedin/pinot/controller/helix/core/PinotHelixResourceManager.java,2001,2001,"Add a REST API to decommission the instance (#1344)

- Instance will be deleted only if it passes the checks.
- Added an integration test to validate if the new API correctly cleans up the instance information.",191,128,0.6977525712642978,1.673010643184392,268
c25c560a3e0cf882accad731bb0d88b3b3a7cec9,2017-04-25 15:20:33-07:00,2017-04-25 15:20:33-07:00,pinot-controller/src/main/java/com/linkedin/pinot/controller/helix/core/PinotHelixResourceManager.java,2005,2005,"Remove deleted segments after N day retention (#1342)

- Add a job to the retention manager that removes old deleted segments from deleted directory.
- Add unit test.",192,129,0.6978304293701038,1.6725518926709422,268
98328b8be8a18a6e6dce433e06479bf57c097601,2017-04-28 10:23:23-07:00,2017-04-28 10:23:23-07:00,pinot-controller/src/main/java/com/linkedin/pinot/controller/helix/core/PinotHelixResourceManager.java,2005,2005,"Fix the function name for getAllTableNames (#1350)

getAllTableNames in PinotHelixResourceManager actually fetches brokerResource.
There is a separate method called getAllPinotTableNames which filters out the brokerResource.
So, the function name of getAllTableNames is misleading.",192,129,0.6980973931613901,1.6736343450104956,268
6f8ad2b0f6955f8cc8e25bcbd1e64374b59c3fb0,2017-05-02 15:40:34-07:00,2017-05-02 15:40:34-07:00,pinot-controller/src/main/java/com/linkedin/pinot/controller/helix/core/PinotHelixResourceManager.java,1984,1984,"Allow loading offline table schema with offline table name or raw table name (#1382)

Added APIs in ZKMetadataProvider to load schema using schema name or table name
Change existing code to load schema using the new APIs",194,131,0.6971048130609088,1.668671575130032,261
58018acce1b88e61648682606661182367616321,2017-05-02 16:17:08-07:00,2017-05-02 16:17:08-07:00,pinot-controller/src/main/java/com/linkedin/pinot/controller/helix/core/PinotHelixResourceManager.java,1998,1998,"Update idealstate when replication is changed for a table. (#1381)

* Update idealstate when replication is changed for a table.

When we change the replication for a table, we need to update the idealstate as well,
so that helix sends the right number of messages to the serving instances. Also,
a subsequent rebalance will do the right thing with the number of replicas per partition

* Undo the changes in idealstate builder

Right now, LLC does not support changing table parameters when the table is already created.
Supporting that is a bigger change, and we will do it in a different PR",194,131,0.7020445971886815,1.669366448237051,264
e5056ab073fbc1aeb938125ed2f0e3e9e0b553ec,2017-05-07 11:02:53-07:00,2017-05-07 11:02:53-07:00,pinot-controller/src/main/java/com/linkedin/pinot/controller/helix/core/PinotHelixResourceManager.java,2020,2020,"Initial commit for Pinot Minion (#1352)

Added basic Minion framework including PinotTaskManager, PinotHelixTaskResourceManager and ClusterInfoProvider
Added PinotTaskGenerator and PinotTaskExecutor interface
Implement DummyTaskGenerator and DummyTaskExecutor as example
Added a MinionClusterIntegrationTest to test basic functionality",195,132,0.7026353601942223,1.6708496695326802,266
396d3ee3db1b5ab7650a5eda73b3b72583b3b8f5,2017-05-08 17:12:10-07:00,2017-05-08 17:12:10-07:00,pinot-controller/src/main/java/com/linkedin/pinot/controller/helix/core/PinotHelixResourceManager.java,2014,2014,"Refactor TableNameBuilder class (#1408)

1. Removed public constructor to prevent creating redundant instance
2. Added tableHasTypeSuffix() method to check the table type
3. Added isTableResource() method to check whether the resource is table resource
4. Modified the usage of TableNameBuilder to follow the new convention
5. Fixed a bug in PinotTableRestletResource updateTableConfig where CLIENT_ERROR_BAD_REQUEST is not thrown out properly",192,132,0.6997629306106479,1.6601258713935123,263
85aac0beb9f1ff750a04b99d2c2ada95bec895aa,2017-05-09 10:20:20-07:00,2017-05-09 10:20:20-07:00,pinot-controller/src/main/java/com/linkedin/pinot/controller/helix/core/PinotHelixResourceManager.java,2106,2106,"Added support to PinotHelixResourceManager to handle Minion resources (#1413)

Reordered and added javadoc for part of the methods",189,127,0.7023663220710069,1.6739880927001285,270
f3e7cde0c8d2fcaee86cb62a3d6c23c4adc6e402,2017-05-17 17:00:18-07:00,2017-05-17 17:00:18-07:00,pinot-controller/src/main/java/com/linkedin/pinot/controller/helix/core/PinotHelixResourceManager.java,2101,2101,"Refactor AbstractTableConfig (No functionality change) (#1445)

1. Use static ObjectMapper
2. Use new code style
3. Move IndexConfig into AbstractTableConfig
4. Store TableType instead of String for table type",189,127,0.7022473936706887,1.6735419316117177,270
2872a662581c98b6907364a30bc4353ccbc1767c,2017-05-18 16:51:05-07:00,2017-05-18 16:51:05-07:00,pinot-controller/src/main/java/com/linkedin/pinot/controller/helix/core/PinotHelixResourceManager.java,2095,2095,"Merge offline/realtime table config into class TableConfig (#1461)

Change base class AbstractTableConfig into TableConfig
Remove OfflineTableConfig and RealtimeTableConfig",189,127,0.7022170859323366,1.6733884170145361,270
34d40c05425887ac46c8a9b087ff335cdca280f4,2017-05-23 14:04:30-07:00,2017-05-23 14:04:30-07:00,pinot-controller/src/main/java/com/linkedin/pinot/controller/helix/core/PinotHelixResourceManager.java,2111,2111,"For whole table reload, send table level message instead of segment level message (#1467)

This PR added support on server side. After all servers deployed, uncomment the code for controller side support.

Currently for whole table reload, we send segment level messgaes, which is causing problem for big tables.
Added table level reload message, which can significantly reduce the number of messages sent.",187,126,0.7008514474563549,1.669142552873638,270
1cbdaf5d7501cd6feaf62ffaac615181f5a1c903,2017-05-26 15:38:10-07:00,2017-05-26 15:38:10-07:00,pinot-controller/src/main/java/com/linkedin/pinot/controller/helix/core/PinotHelixResourceManager.java,2075,2075,"Added getTableConfig API into ZKMetadataProvider (#1497)

We should provide one single API to fetch table config because both offline and realtime use the same TableConfig.
This can simplify the logic and reduce some redundant check on table type.",185,126,0.7005033325674115,1.6679875316118862,245
73286bf3690c047a51819ede3e18b85e578b8edc,2017-06-09 10:33:06-07:00,2017-06-09 10:33:06-07:00,pinot-controller/src/main/java/com/linkedin/pinot/controller/helix/core/PinotHelixResourceManager.java,2067,2067,"Enable batch reload on controller side (#1526)

Server side already support batch reload, enable it on controller side.",186,126,0.7004764157600953,1.6678904696035628,246
81493ce81378f206d8c8b0e2e4335fe2a9723fcf,2017-06-09 10:42:54-07:00,2017-06-09 10:42:54-07:00,pinot-controller/src/main/java/com/linkedin/pinot/controller/helix/core/PinotHelixResourceManager.java,2062,2062,"[Uniform Schema] Use table name to load schema instead of schemaName field in tableConfig (#1527)

This will enforce realtime and offline table use the same schema
Keep backward compatible but will log a warning when using deprecated way to load schema",185,125,0.7007639431344278,1.6697093403598935,246
439f8308ee8128d52d17e925371d76286d49e993,2017-06-09 16:08:54-07:00,2017-06-09 16:08:54-07:00,pinot-controller/src/main/java/com/linkedin/pinot/controller/helix/core/PinotHelixResourceManager.java,2062,2062,"[Pinot Minion] Add dataDir, metrics, healthCheck into minion (#1536)

Added dataDir config for minion to store temporary files
Added MinionMetrics class to track statistics
Added healthCheck callback method (currentlt always return GOOD)",185,125,0.7006828645267537,1.6693962188049392,246
a92464d7249c437c3eb679d60a64f3e571f10534,2017-06-13 20:47:16-07:00,2017-06-13 20:47:16-07:00,pinot-controller/src/main/java/com/linkedin/pinot/controller/helix/core/PinotHelixResourceManager.java,2135,2135,"Replica group aware segment assignment strategy (#1540)

A replica group is a pool of servers that is guaranteed to
have all segments for a partition or a table (depending on the
configuration). If the broker is aware of the replica group, the broker
can prune servers when scattering and gathering requests because queries
can be answered with a subset of servers.

1. Configurations for the segment assignment strategy are uploaded
   along with a table config.

2. When adding a table, if segment assignment strategy is set to
   'ReplicaGroupSegmentAssignmentStrategy', the partition mapping table
   is created and stored in the property store.

3. When segments are uploaded, servers will be assigned based on
   the configurations and the partition mapping table.",194,126,0.7012652471096508,1.6708303396303916,257
80aad3bb17cd0e85b2d0d9262b55455eb036890d,2017-06-23 16:03:56-07:00,2017-06-23 16:03:56-07:00,pinot-controller/src/main/java/com/linkedin/pinot/controller/helix/core/PinotHelixResourceManager.java,2139,2139,Remove all segments from store when a table is deleted (#1609),194,126,0.7013645587101736,1.6712325508126282,257
1c7df6943cc99e2e697b729e9175b89425915ca2,2017-06-28 09:27:11-07:00,2017-06-28 09:27:11-07:00,pinot-controller/src/main/java/com/linkedin/pinot/controller/helix/core/PinotHelixResourceManager.java,2217,2217,"Add a REST API to fetch crc information (#1547)

In pinot-custom-metrics, crc checker is very slow and puts a lot of load to ZK because it needs
to fetch segment metadata one by one. To fix that, the rest api for fetching crc information
of a table is added. This api caches the segment crc information and its metadata version.
It only updates the cache when the segment is new or its metadata is updated to newer version.",206,131,0.7041635866021155,1.6779738757130074,269
1b5c9e0ef56678be98c4f628e1a77730532e0126,2017-07-11 16:52:21-07:00,2017-07-11 16:52:21-07:00,pinot-controller/src/main/java/com/linkedin/pinot/controller/helix/core/PinotHelixResourceManager.java,2217,2217,"Optimized HelixBrokerStarterTest (#1648)

- Removed unnecessary sleeps",206,131,0.7041636194157653,1.677976425537446,269
eae85df4d67cf9b476140370e42eb9fc756afbea,2017-07-12 13:01:34-07:00,2017-07-12 13:01:34-07:00,pinot-controller/src/main/java/com/linkedin/pinot/controller/helix/core/PinotHelixResourceManager.java,2239,2239,"Re-factored RetentionManager to use PinotHelixManager alone, and converted RetentionManager to a pure unit test (#1652)

* Re-factored RetentionManager to use PinotHelixManager alone, and converted RetentionManager to a pure unit test

Re-factored RetentionManager to use PinotHelixManager exlusively for reading or writing helix metadata.

Converted RetentionManagerTest into a real unit test that does not start up a cluster or zk servers to
verify that segments are deleted.

Instead, we verify that the right call is made to PinotHelixResourceManager.

The actual deletion logic is verified in ResourceManagerTest

* Addressed review comments

* Addressed more comments after discussion

* Removed extra space before keyword Exception",208,133,0.7043091670487555,1.6772081426273149,273
f789eb7f76dbc644bec30778e805a5c9cb070913,2017-07-17 14:55:58-07:00,2017-07-17 14:55:58-07:00,pinot-controller/src/main/java/com/linkedin/pinot/controller/helix/core/PinotHelixResourceManager.java,2248,2248,"Fix the bug where deleting HLC realtime table throws ZK exception (#1672)

When we delete a HLC table, we first remove segments from property store, then drop the table
When removing segments, after we remove the IN_PROGRESS one, controller will automatically assign a new one because table is still alive, which cause ZK failed to remove the parent node.

The fix is that:
Whenever we drop a table (OFFLINE/REALTIME), we should first drop the table from Helix, then clean up the state in property store or disk",216,133,0.7046284780630924,1.6784394361516053,275
7ab48c8f79bf7a7ad2827470f3a6d5bd8e2583e6,2017-08-01 18:09:51-07:00,2017-08-01 18:09:51-07:00,pinot-controller/src/main/java/com/linkedin/pinot/controller/helix/core/PinotHelixResourceManager.java,2256,2256,"[Minion] Add Minion use case ConvertToRawIndexTask (#1710)

1. This task converts indexes for configured columns / (by default) metric columns that meet the condition (uncompressed raw index size <= CONVERSION_THRESHOLD * dictionary-based index size) into raw indexes (no dictionary indexes)
2. Add a list field 'optimizations' into segmentMetadata and segmentZKMetadata to mark the optimizations done (can be set by Minion or segment creation job)
3. Allow custom configs for each task type in TableTaskConfig
4. Add a new ConvertToRawIndexMinionClusterIntegrationTest to test the new use case

NOTE: In Helix Task framework, TaskQueue resource will only show up in IS but not in EV",222,132,0.7053868451871739,1.6818993441447712,278
20ed5c7ed637be62327cbe9af894cd76b51a7ead,2017-08-07 09:00:14-07:00,2017-08-07 09:00:14-07:00,pinot-controller/src/main/java/com/linkedin/pinot/controller/helix/core/PinotHelixResourceManager.java,2269,2269,"Introducing Jersey-based REST admin API for Pinot controller (#1739)

* Setup jersey based controller admin application

This sets up basic framework for migrating controller APIs to jersey based
REST application. ControllerAdminApiApplication is the basic ResourceConfig
class that sets up the application, configures swagger resources and starts
web application. All existing restlet APIs are copied to api.resources folder
and only TableSchemaResource is modified to Jersey based framework. This commit
configures the binder module in ControllerStarter to inject controller objects in
rest resources. This also sets up constants, success response and WebApplicationMapper
to map API exceptions to json responses.

* Updated multiple controller API handlers to jersey framework

Update health check, table metadata, indexing, tenant, version and size
handlers to jersey framework. The change is on a copy of handlers and
does not impact existing handlers.

* Updated more controller handlers to jersey based framework

* Commented out an API that does not seem to start right

* Add support for multipart form data for jersey based controller APIs

Added missing jersey dependency for multipart form data.
Register multipart form data feature during application startup. This fixes
broken APIs in PinotSchemaRestletResource.

* Adding a class to handle all LLC segment completion requests

* Added handlers for llc segment completion protocol

* Addressed review comments

* Fixed typo

* PinotControllerHealthCheck should not extend ServerResource

* Fixed a method call after rebase

* Folded all the LLC segment completion handlers into one class

* Added swagger index.html file and pin swagger version to 1.5.10

* Completed PinotTableTenantConfigs

* Fixed a typo

* An attempt to get PinotSegmentRestlet resoruce working (toggle segment state, get segment metadata)

* Modified PinotTableRestletResource

* Updated more classes

* Fix compile error

* Fixed PinotSchemaRestletResource

* Added TableViews

* PinotTaskRestletResourceManager

* PqlQueryResource

* PinotSegmentRestletResource done

* Base class is not used anymore

* Added standard headers, and added code for table remove APIs to use enable/disable/drop

* Small re-factors and adjusting code format

* Removed TableSizeReader from api.resources in favor of TableSizeReader in controler.utils

* Got segments tag to work, removed ""table"" tag in favor of ""Table"" tag

* Updated methods that take String arguments to remove Consumes.JSON

* Getting the client address correctly

* Set upload segment file name correctly

* Fixing encoded url for segment name, so that we can get percent characer. Need to do this everywhere.

* Get the schemas API to work

* If we are returning SuccessResponse, we need to have @Produces annotation for JSON

* We should be comparing response codes, not return strings

* Added @Encoded to the segment name APIs

* Fill in the segment location so that llc realtime split commit tests pass

* Apply the changes in PR #1697 to the Jersey API

* Add content-type header for specific requests to jersey api

This is to support backward compatibility for clients that may not send
correct content-type header for PUT and POST requests to instances and
tenants apis

* More unit tests to pass

* Capture the right exception class in the catch clause

* Consistent error handling across all jersey handlers

Make error handling consistent across all handlers. Remove redundant try-catch blocks.
Added ControllerApplicationException class that logs correctly at info or error level
and constructs a WebApplicationException instance. Update PinotSchemaRestletResource
reading of schema from multipart form to directly read as stream instead of writing
to file

* More eunit tests pass

* Fixed typo

* Return bad request error for bad json schema body

* Fix double comparison in exception handling

* Exceptionk should be from codehaus json, not others

* Controller Starter change to run tests on the new API alone (EXCLUDE FROM PR)

* Get DeleteAPIHybridClusterIntegrationTest to pass

* Changed segment upload to return a non-empty string on success

* Fixed PinotTableSchema api to return only the table schema

* Revert ""Fixed PinotTableSchema api to return only the table schema""

This reverts commit a54b37375940f827d557cf664ab85a52908e9bae.

* Fixed PinotTableSchema to return only the json schema and not the entire schema class

* Changed the controller to have jersey and restlet APIs started in different ports

Added the ability to switch ports via configuration ""jersey.primary""

* Changed config variable names for jersey API

* Added logic for static content on the new API

* Ensure that the console path ends in slash

* Turning on debugging for jersey

* Added static resources for controller jersey handlers

Copied existing static resources to resources/static folder. Modified
init.js to handle both text and json responses. Configured grizzly web
server to serve static resources from static folder. Controller
landing page is served by a jersey handler because we can not setup
our APIs and static resources at the same base path ('/') easily.

* Running queries off the console works

* Updated the config string and fixed a bug in the setter

* Getting UMP schema API to work correctly

* Added header for a file

* Get the controller primary port working correctly. Also, added logic to stop admin port

* Get ControllerTenantTest to pass with new API

* Remove misleading comments

* Removed unused BasePinotControllerRestletResource and duplicated SegmentCompletionUtils

* Fix compile error after moving SegmentCompletionUtils

* Addressed comments from @jenniferdai

* Removed unused logger

* Addressing comments from Adwait

* Fixed indentation as per review comment",222,132,0.7053972809833932,1.681933579735797,278
73ca278e1ac719209e8d4323e075092d84cb1bf8,2017-08-09 16:37:20-07:00,2017-08-09 16:37:20-07:00,pinot-controller/src/main/java/com/linkedin/pinot/controller/helix/core/PinotHelixResourceManager.java,2257,2257,"When adding segment to offline table, only set SegmentZKMetadata after operation succeeded (#1773)

Without the fix, the cluster might get into an unstable state where SegmentZKMetadata exists but segment not added to IdealState",222,132,0.7054101667927528,1.681992424360896,278
6cbf94c07bcbdb3a6b67513a97897d46f222d797,2017-08-10 17:08:41-07:00,2017-08-10 17:08:41-07:00,pinot-controller/src/main/java/com/linkedin/pinot/controller/helix/core/PinotHelixResourceManager.java,2263,2263,"Reverting PR #1773 and add comments to prevent same bug again (#1784)

Must set segment ZK metadata before notifying server to pick up the segment",223,132,0.7054688501473547,1.6822042637323629,278
b43229ab95fe6f1831479fdba25645fa49d8426c,2017-08-15 17:21:41-07:00,2017-08-15 17:21:41-07:00,pinot-controller/src/main/java/com/linkedin/pinot/controller/helix/core/PinotHelixResourceManager.java,2254,2254,"When adding a table, first check if tenant exists (#1797)

If tenant does not exist, adding table could result in an unstable state where routing table is not set up correctly (no error or exception thrown out)
With this fix, we can prevent wrong table config push into cluster
Also enhance log to log the table name

Modified tests to pass the new checks",224,132,0.7060496625622535,1.684411110521838,276
add9277b84ea8ed03e763d58932b39e5fa0536c8,2017-09-26 11:30:18-07:00,2017-09-26 11:30:18-07:00,pinot-controller/src/main/java/com/linkedin/pinot/controller/helix/core/PinotHelixResourceManager.java,2416,2416,"[PINOT-5281] Implement relabance API on the controller (#1928)

* [PINOT-5281] Implement relabance API on the controller

Added methods in the controller to rebalance realtime and offline tables.

For offline tables, we rebalance all segments amongst the new instances provided.

For realtime tables, we only rebalance ONLINE LLC segments. The CONSUMING LLC segments
are re-balanced when ValidationManager detects new number of replicas. If all replicas are
OFFLINE then the entries are there only for debugging, so we can leave them as is.

Handled changing number of replicas as well (either increase or decrease).

The numReplicas field in the Idealstate is updated after the rebalance operation,
so that manual update of zk Idealstate node is avoided.

ALERT: Changing the number of replicas AND number of instances with a single rebalance is NOT supported.

Added tests

* Addressed review comments",233,136,0.7067403495667977,1.6844073321462782,299
5be05f1e16d30e465b18c29d518077b93c32d296,2017-12-11 10:29:08-08:00,2017-12-11 10:29:08-08:00,pinot-controller/src/main/java/com/linkedin/pinot/controller/helix/core/PinotHelixResourceManager.java,2429,2429,"Moving uploading new segment logic to make it separate from refresh (#2203)

* PinotHelixResourceManager now has two different segment add methods, one for new segments and one to refresh segments that uploadSegment calls into
* Previously, invalid start time/end time wasn't returned in a message to users; now it throws the proper exception with the string
* This commit allows us to prepare to move segment to permanent directory at different times for refresh vs. new segments to handle race conditions during upload.",234,138,0.7068280713710687,1.6835579010947608,296
e870e2516f34ad9028a217ab567155dbe77dadd0,2017-12-15 15:19:27-08:00,2017-12-15 15:19:27-08:00,pinot-controller/src/main/java/com/linkedin/pinot/controller/helix/core/PinotHelixResourceManager.java,2391,2391,"Adding minion specific logic to segment upload (#2216)

* This commit fixes the race condition when hadoop and minion are uploading segments at the same time and when minion and minion are uploading segments at the same time. Currently, we assume that no hadoop and hadoop pushes occur at the same time. This assumption allows us to limit writes to zk since we will only write to zk if minion is configured in the table config.
* Minion will send over two headers, the expected crc of the segment it downloaded and that the segment is sent from a minion job with the type of minion task it is. Minion has a special upload method which sets and sends these headers to the controller. These headers will allow us to handle minion logic differently from our default logic in several ways. In our current logic, we reject segments with the same creation times, but minion will always set segments to have the same creation time as the segment it downloaded originally, so we needed to handle minion use cases separately.
* When either minion or hadoop starts to upload a segment in a minion configured table, a segment push status will be written to zk of the form COMMITTING-yyyyMMdd'T'HH:mm:ss.SSS. We will write this status to zk atomically. We will check if this timestamp is within a configured timeout. If it is, we return a PRECONDITION_FAILED status. If the push as timed out, we will overwrite the segment and bump a metric.
* One important assumption: If the segment comes back after being refreshed without throwing an exception, we assume that we have already unset segmentPushStatus in zk. However, in all other cases where the uploadMethod throws an exception or the segment is not refreshed, we will unset the segmentPushStatus in zk at the end of upload.",230,139,0.7063811025051742,1.6813528811914369,286
352a1311147a2f3942287c3b1f4abff453703bac,2018-01-18 09:59:17-08:00,2018-01-18 09:59:17-08:00,pinot-controller/src/main/java/com/linkedin/pinot/controller/helix/core/PinotHelixResourceManager.java,2393,2393,"Let RetryPolicy throw exception when number of attempts exhausted (#2324)

Remove the return value from attempt() so it either succeeds or throws exception
Add AttemptsExceededException to indicates number of attempts exhausted

The reason for this change is to prevent using RetryPolicy without checking the return value which might cause silent failure.",230,139,0.7060543873273929,1.6853172265717462,284
0997ceecd1ee94bbfa3b25895257ed4ab614f68f,2018-01-24 19:31:40-08:00,2018-01-24 19:31:40-08:00,pinot-controller/src/main/java/com/linkedin/pinot/controller/helix/core/PinotHelixResourceManager.java,2390,2390,"Fix the bug where version of ZNRecord is not set properly (#2395)

1. Helix will throw ZKBadVersionException, explicitly catch it
2. Set version info into ZNRecord when fetching it",230,139,0.7057437152357093,1.6841577067161324,284
bed95aa4001f8581e5b3e20d4b560f6da8efb445,2018-01-26 14:27:08-08:00,2018-01-26 14:27:08-08:00,pinot-controller/src/main/java/com/linkedin/pinot/controller/helix/core/PinotHelixResourceManager.java,2320,2320,"Enhance the exception handling for segment upload (#2401)

1. Add check for whether ZK update succeeded
2. Remove the return value for PinotHelixResourceManager.addNewSegment() and refreshSegment(), throw exception for failure
3. Fix the issue where ZK might not be updated when there are exceptions thrown out
4. Only count not handled exception as INTERNAL_SERVER_ERROR and update metrics only for that",228,139,0.7057481216694048,1.684327698981374,272
9096ffa168962755e58ef8b4feb530d90bc0e5a9,2018-02-05 13:41:07-08:00,2018-01-25 14:04:26-08:00,pinot-controller/src/main/java/com/linkedin/pinot/controller/helix/core/PinotHelixResourceManager.java,2333,2333,"Enabling a table also resets errored segments (#2400)

Reset segments in a table that are in error state whenever a table is
enabled. This makes it possible to reset errors without restarting
servers.",230,139,0.7056461788645361,1.683965519833118,273
510c2edd07e7a387315af3dad078b32f9d569884,2018-02-09 14:31:49-08:00,2018-02-09 14:31:49-08:00,pinot-controller/src/main/java/com/linkedin/pinot/controller/helix/core/PinotHelixResourceManager.java,2332,2332,"Partition assignment support in multi tenant setup (#2428)

1) Change generate partition assignment code to support multi tenant
2) Create StreamPartitionAssignmentStrategy interface with Uniform and Balanced implementations
3) Add StreamConsumptionConfig to table config builder",229,139,0.7057124809899894,1.6841999511744852,273
5e2784fda98be8c27d9cc3b01ad4740594968248,2018-02-14 16:20:26-08:00,2018-02-14 16:20:26-08:00,pinot-controller/src/main/java/com/linkedin/pinot/controller/helix/core/PinotHelixResourceManager.java,2317,2317,"Use Async API to upload segment (#2490)

1. Change uploading segment API to be async because it's might take long time and block other calls
2. Fix the issue where we fetch ideal state twice before adding new segment
3. Fix the thread-safety issure for segmentAssignmentStrategyMap
4. Explicitly handle ZkBadVersionException",227,138,0.7050201087589881,1.682367552737978,270
228acf2efca93ecf54d635a652cd71785a16374a,2018-02-27 15:51:24-08:00,2018-02-27 15:51:24-08:00,pinot-controller/src/main/java/com/linkedin/pinot/controller/helix/core/PinotHelixResourceManager.java,2218,2218,"Rebalance strategy interface and DefaultRebalanceStrategy implementation (#2507)

Introduce an interface for RebalanceSegmentsStrategy, which has methods rebalancePartitions and rebalanceIdealState
Adding DefaultRebalanceSegmentStrategy implementation, which rebalances stream partition assignment for rebalancing consuming segments, and also rebalances completed segments using auto rebalance strategy",224,135,0.7045238117073898,1.6824887727029174,247
62ef764f22d3ea1f2b42c20371f14959e78e14a9,2018-03-04 21:58:38-08:00,2018-03-04 21:58:38-08:00,pinot-controller/src/main/java/com/linkedin/pinot/controller/helix/core/PinotHelixResourceManager.java,2163,2163,"Added ReplicaGroupPartitionAssignment (#2549)

1. Added ReplicaGroupPartitionAssignment and its generator
2. Replace all the usages of PartitionToReplicaGroupMappingZKMetadata
3. Moved PartitionAssignment to pinot-common because it needs to be
   used in pinot-broker package for routing",218,134,0.7040508475157764,1.6813907590208061,240
da16c679272bd5b09721d4edc0910dd3a5bb8734,2018-03-11 18:26:14-07:00,2018-03-11 18:26:14-07:00,pinot-controller/src/main/java/com/linkedin/pinot/controller/helix/core/PinotHelixResourceManager.java,2162,2162,"Issue-2583: Step 1 to support generic streams (#2606)

* Issue-2583: Step 1 to support generic streams

- Create a new package com.linkedin.pinot.core.realtime.stream in pinot-core.
- Move KafkaStreamMetadata to com.linkedin.pinot.core.realtime.stream, renaming it to StreamMetadata
- Get rid of (unused) StreamMetadata
- Move (and rename) classes to be kafka-agnostic (which they are for most parts)
- Add TODO in a couple of places where classes are kafka-specific

* Moved StreamMetadata to different package as suggested in review comment",218,134,0.7039631847469228,1.6810882689059408,240
d7e3fcfd3ac56d9b56fb60746dec9af07a1688c3,2018-03-23 11:45:18-07:00,2018-03-23 11:45:18-07:00,pinot-controller/src/main/java/com/linkedin/pinot/controller/helix/core/PinotHelixResourceManager.java,2185,2185,"Fixed the issue with replica group mapping znode in the property store (#2660)

1. Make sure to delete when the table is dropped
2. Make sure to add the mapping on the table config update",221,135,0.704035595934456,1.6807643084968737,242
50c27821b329f1c9c46b2afa65a949e01273138b,2018-03-30 10:30:02-07:00,2018-03-30 10:30:02-07:00,pinot-controller/src/main/java/com/linkedin/pinot/controller/helix/core/PinotHelixResourceManager.java,2190,2190,"Realtime Segment Assignment interface (#2676)

Add interface for RealtiemSegmentAssignmentStrategy and a PartitionAssignmentGenerator which generates based on ideal state, tag and num replicas",222,135,0.7040482224226622,1.6808028242422361,242
09af8d02ac38c151ee8f21fd7ca759fac698f366,2018-04-03 10:46:44-07:00,2018-04-03 10:46:44-07:00,pinot-controller/src/main/java/com/linkedin/pinot/controller/helix/core/PinotHelixResourceManager.java,2189,2189,"Rebalancer for tables with replica group segment assignment (#2481)

Tables with replica group segment assignment need its own way
to rebalance the table because we have more conditions to meet
when assigning segments. Replica group rebalancer supports
the following scenarios:
  1. Replacing servers
  2. Add/remove servers from each replica group
  3. Add/remove replica groups",221,135,0.7040367562745339,1.680760700009204,242
d34e4ad078cf91f24eced54043dce08cb5a4369e,2018-04-17 14:13:00-07:00,2018-04-17 14:13:00-07:00,pinot-controller/src/main/java/com/linkedin/pinot/controller/helix/core/PinotHelixResourceManager.java,2188,2188,"Refactor realtime code to eliminate use of znode for storing partition assignment (#2721)

Removed dependency on partition assignment znode. Restructured code in PinotLLCRealtimeSegmentManager and ValidationManager to use new methods. Rewrote tests for new way of partition assignment generation and segment assignment",221,135,0.7040673744415318,1.6808854166677634,242
1f2f88282155428ba00efecdcc8170b700abc692,2018-05-03 15:00:11-07:00,2018-05-03 15:00:11-07:00,pinot-controller/src/main/java/com/linkedin/pinot/controller/helix/core/PinotHelixResourceManager.java,2186,2186,Fix status code when got an exception for rebuildBrokerResourceFromHelixTags (#2751),220,135,0.7039907853439042,1.6806178946206256,242
9c74a36c0886263a45dc762d94335858b9fa8b1a,2018-05-04 15:54:47-07:00,2018-05-04 15:54:47-07:00,pinot-controller/src/main/java/com/linkedin/pinot/controller/helix/core/PinotHelixResourceManager.java,2187,2187,"Fix updating realtime table config (#2782)

* Fix updating realtime table config

Although the metadata was updated correctly, the PUT call returned an exception
because it found the kafka partition directory. We should not be checkig for the
kafka partition directory anymore

* Fix annotation",220,135,0.703893574307597,1.6802517242339938,242
971257ee9034d402940638699cb0c71d950633de,2018-05-07 10:32:30-07:00,2018-05-07 10:32:30-07:00,pinot-controller/src/main/java/com/linkedin/pinot/controller/helix/core/PinotHelixResourceManager.java,2191,2191,"Prevent Realtime table creation if schema is missing (#2777)

* Prevent Realtime table creation if schema is missing",221,135,0.7039912559920201,1.6806171365924263,244
f60d30f7eb4b663e482e6b84b58c331b6a7218c8,2018-05-16 11:51:14-07:00,2018-05-16 11:51:14-07:00,pinot-controller/src/main/java/com/linkedin/pinot/controller/helix/core/PinotHelixResourceManager.java,2190,2190,Rename ControllerTenantNameBuilder to TenantNameBuilder (#2813),221,135,0.7032161737069249,1.677809574813462,244
9328c0987157d8dcb7d7e86e904a51d6cbfa8268,2018-05-16 16:23:29-07:00,2018-05-16 16:23:29-07:00,pinot-controller/src/main/java/com/linkedin/pinot/controller/helix/core/PinotHelixResourceManager.java,2187,2187,"Remove references to KAFKA_PARTITION znodes (#2817)

Remove references to KAFKA_PARTITION znodes and Rename PartitionAssignmentGenerator to StreamPartitionAssignmentGenerator",220,135,0.703207569765047,1.6777720497035022,244
47c146dedb2621b135690d117d483b1e748a5122,2018-05-16 18:16:00-07:00,2018-05-16 18:16:00-07:00,pinot-controller/src/main/java/com/linkedin/pinot/controller/helix/core/PinotHelixResourceManager.java,2195,2195,"Add code to handle missing admin port  (#2805)

* Add logs to find out which host connection is lost; Use default adminPort

* Address PR comments",220,135,0.7032619455789154,1.6779938950728137,245
f615f53788fca41b794945bdb410ffba2a4b1a38,2018-05-24 09:25:36-07:00,2018-05-24 09:25:36-07:00,pinot-controller/src/main/java/com/linkedin/pinot/controller/helix/core/PinotHelixResourceManager.java,2204,2204,Fix RT table creation schema check: the backwards compatibility path was broken due to a sequencing issue. (#2841),222,135,0.7032619453622775,1.677993894109114,249
426ae3da867ab14b964c377229c2211fac3e5654,2018-05-26 17:50:50-07:00,2018-05-26 17:50:50-07:00,pinot-controller/src/main/java/com/linkedin/pinot/controller/helix/core/PinotHelixResourceManager.java,2241,2241,"Config to move completed realtime segments (#2851)

* Add tagOverrideConfig to define tag overrides for servers
Add javadoc to tagOverrideConfig class
Use tagOverrideConfig inside RealtimeTagConfig to return the right consuming and completed tags
Rename TenantNameBuilder to TagNameBuilder, because that's what it really is. Iterate over all places using TagNameBuilder and use tag overrides where relevant

* Addressed review comments",223,135,0.7041869843037388,1.681497456415816,262
06c5603fd08c7e9670105182ec2b7c821e8b2903,2018-06-08 13:17:17-07:00,2018-06-08 13:17:17-07:00,pinot-controller/src/main/java/com/linkedin/pinot/controller/helix/core/PinotHelixResourceManager.java,2241,2241,Fix toggle segment state description (#2880),223,135,0.7041772409934828,1.6814602370755312,262
edd13835a9ea344958680f5cd7001754eb99bc21,2018-06-20 14:38:52-07:00,2018-06-20 14:38:52-07:00,pinot-controller/src/main/java/com/linkedin/pinot/controller/helix/core/PinotHelixResourceManager.java,2216,2216,"Fix PinotInstanceRestletResource APIs (#2899)

1. Fix the API for enabling/disabling/dropping an instance
2. Return more detailed information when an instance cannot be dropped",223,132,0.5956971792555222,1.6514169336664404,261
59319dda4ed36b7844461c8c4d8301d7eca83397,2018-06-21 11:14:07-07:00,2018-06-21 11:14:07-07:00,pinot-controller/src/main/java/com/linkedin/pinot/controller/helix/core/PinotHelixResourceManager.java,2179,2179,"Refactor PinotResourceManagerResponse to make it immutable and provide a uniform way to construct (#2898)

Make PinotResourceManagerResponse immutable, and always be constructed by static methods PinotResourceManagerResponse.success() and PinotResourceManagaerResponse.failure()
Currently all members in PinotResourceManagerResponse are public and mutable, and some pieces of code change them in multiple steps which is very confusing and not necessary
PinotResourceManagerResponse should be immutable and always with the state SUCCESS/FAILURE
With this PR, we uniform the way of constructing the response and make it easier to use",221,132,0.5964354597088078,1.6536383561909156,260
23611872a0d6374b4530d6354ac1e47dd124b9de,2018-06-28 14:11:10-07:00,2018-06-28 14:11:10-07:00,pinot-controller/src/main/java/com/linkedin/pinot/controller/helix/core/PinotHelixResourceManager.java,2179,2179,"Remove declared exceptions that cannot be thrown (#2860)

Remove exceptions that cannot be thrown by the code in the
method (IllegalAccessException) and subclasses of RuntimeException
(IllegalArgumentException).",221,132,0.596280712849045,1.6531875452245115,260
0be1ec623724888b5c43de1301ec3daa90f70333,2018-07-11 10:35:02-07:00,2018-07-11 10:35:02-07:00,pinot-controller/src/main/java/com/linkedin/pinot/controller/helix/core/PinotHelixResourceManager.java,2179,2179,Update copyright year range to 2014-2018. (#2941),221,132,0.596280712849045,1.6531875439172217,260
031cacdeac95bf8ad3f85689caabda2caa9363f3,2018-07-16 18:48:40-07:00,2018-07-16 18:48:40-07:00,pinot-controller/src/main/java/com/linkedin/pinot/controller/helix/core/PinotHelixResourceManager.java,2195,2195,Add table type filter to retrieve only realtime or offline tables (#2960),222,133,0.5968259555584945,1.6542400207770576,262
bf9108f67b4da37348929b87573680edb6527127,2018-09-18 11:22:04-07:00,2018-09-18 11:22:04-07:00,pinot-controller/src/main/java/com/linkedin/pinot/controller/helix/core/PinotHelixResourceManager.java,2204,2204,"Adding tenant to table mapping API (#3186)

* Currently, it is not easy to get all the tables of a certain tenant. You have to start by getting the instances and manually finding the tables on those instances.
* This API will look at table config in zk and gather the tables that are tagged with the particular tenant.",223,134,0.5966263416821378,1.6531320643482126,262
e9dfe64af93a6472bee3c9bea07d6ecb8fbfa01e,2018-09-18 17:41:43-07:00,2018-09-18 17:41:43-07:00,pinot-controller/src/main/java/com/linkedin/pinot/controller/helix/core/PinotHelixResourceManager.java,2204,2204,"Add table APIs for the new config format (#2937)

Add new table APIs that use the new configuration format.",223,134,0.5968516008941932,1.653766653147257,262
9d366803d960126a2fe3342ad3662902ba1342ca,2018-09-26 17:04:42-07:00,2018-09-26 17:04:42-07:00,pinot-controller/src/main/java/com/linkedin/pinot/controller/helix/core/PinotHelixResourceManager.java,2202,2202,"Improve the way we get instances with a tag from helix (#3223)

* Change method getInstanceWithTag to fetch all instance configs at once and then filter based on tag and enabled",223,134,0.5979678910783721,1.657316985064184,262
efd34c55a1ae8b6ca21313899cf67c145722606a,2018-09-28 14:10:43-07:00,2018-09-28 14:10:43-07:00,pinot-controller/src/main/java/com/linkedin/pinot/controller/helix/core/PinotHelixResourceManager.java,2206,2206,"Add crypter is SegmentZKMetadata, so server can decrypt segments at (#3234)

download.

1. Added crypter to SegmentZKMetadata, so server can decrypt segments
after downloading.
2. Enhanced SegmentFetcherAndLoader to also decrypt segments if
specified.
3. Fixed bug where decrypted segment was being copied over to permanent
directory.
4. Updated unit test for SegmentZKMetadata.",224,135,0.599146941590858,1.6602080888434478,262
85673bbdab170cd1a66252de0b1a5d3a2b290628,2018-10-01 18:18:12-07:00,2018-10-01 18:18:12-07:00,pinot-controller/src/main/java/com/linkedin/pinot/controller/helix/core/PinotHelixResourceManager.java,2198,2198,"[PINOT-7088] No-downtime table rebalance (#3217)

* [PINOT-7088]Provide a way to no downtime table rebalancing

* [PINOT-7088] Remove unused imports

* [PINOT-7088] Update the logic for no-downtime case

* [PINOT-7088] Remove test code

* [PINOT-7088] Update rebalance logic to be safer: rebalance on further state changes

* [PINOT-7088] Remove test code

* [PINOT-7088] Address review comments

* [PINOT07088] Address review comments

* [PINOT-7088] Make TableRebalancer sync; API now handles async execution

* [PINOT-7088] Fix tests and rebalance response

* [PINOT-7088] Fix dependencies",224,136,0.5991805929242452,1.6597139905764897,264
dbcd462317542150f0ab58b68c161739e7a67e72,2018-10-08 14:32:01-07:00,2018-10-08 14:32:01-07:00,pinot-controller/src/main/java/com/linkedin/pinot/controller/helix/core/PinotHelixResourceManager.java,2198,2198,Rename StreamMetadata to StreamConfig (#3284),224,136,0.599178875479388,1.6597080760225398,264
60760ff2524048a2aaea9c83d134503c5f3086a2,2018-10-11 20:12:36-07:00,2018-10-11 20:12:36-07:00,pinot-controller/src/main/java/com/linkedin/pinot/controller/helix/core/PinotHelixResourceManager.java,2196,2196,"Fix ValidationManager, reduce logs and ZK accesses (#3302)

1. Fix the bug where we should use push frequency instead of time unit to count missing segments
2. Remove the log for missing segments because we already emit the metrics
3. Reduce ZK accesses by caching the instance configs

Once we detect some segments might be missing, we can list the segments and find the missing segments",221,140,0.6000160620938876,1.6603551107008592,265
133f10ee93a97c9f6f4c07b3c27b009a6b569c41,2018-10-15 17:29:28-07:00,2018-10-15 17:29:28-07:00,pinot-controller/src/main/java/com/linkedin/pinot/controller/helix/core/PinotHelixResourceManager.java,2194,2194,"[Clean up] Enhance TableSizeReader to reduce the logs (#3328)

1. In MultiGetRequest, log a warning for failed GET request (there is no way to get the failed url info from the caller side because we don't keep the order of URLS in CompletionService)
2. In TableSizeReader, if there are missing segments from all servers, log only one lines with all missing segments
3. Also fixed the issue where getResponseBodyAsStream should be used instead of getResponseBodyAsString for large size response",221,140,0.5998960887693691,1.6600277664744214,265
c66e3f529be93044721b74e9aba19c1c0705a528,2018-10-19 14:04:40-07:00,2018-10-19 14:04:40-07:00,pinot-controller/src/main/java/com/linkedin/pinot/controller/helix/core/PinotHelixResourceManager.java,2194,2194,Refactor stream config properties related constants (#3352),221,140,0.600041824511815,1.66042247837314,265
51fa4b9b1e4fae9c1c731946967392c52644f0ae,2018-10-22 18:21:21-07:00,2018-10-22 18:21:21-07:00,pinot-controller/src/main/java/com/linkedin/pinot/controller/helix/core/PinotHelixResourceManager.java,2184,2184,Auto-reformat classes for PR #3356 (#3365),220,140,0.5998847577527732,1.659968899848999,265
bd80360372c3769af5afa5bc4dae518ec9534138,2018-10-24 10:32:23-07:00,2018-10-24 10:32:23-07:00,pinot-controller/src/main/java/com/linkedin/pinot/controller/helix/core/PinotHelixResourceManager.java,2165,2165,"Reduce the ZK access for segment metadata fetching (#3356)

1. Added getSegments() and getLLCRealtimeSegments() in ZKMetadataProvider to only fetch the name of the segments
2. Change code to only fetch segment names if possible",219,140,0.5998488249178425,1.659867309930977,260
fcab1ba5fd575934846eff1b5b288116c49c5d07,2018-10-25 11:03:00-07:00,2018-10-25 11:03:00-07:00,pinot-controller/src/main/java/com/linkedin/pinot/controller/helix/core/PinotHelixResourceManager.java,2165,2165,"Supporting delete api for different storage options (#3370)

* This PR adds support to delete Pinot segments in different storage systems using the delete api.
* We use PinotFS methods in order to do so.
* Test coverage in SegmentDeletionManagerTest and DeleteAPI Integration Test",219,140,0.5994852512310223,1.6587584276322116,260
f26b818452d40143843308f4286bde60d4f458d1,2018-10-25 17:39:54-07:00,2018-10-25 17:39:54-07:00,pinot-controller/src/main/java/com/linkedin/pinot/controller/helix/core/PinotHelixResourceManager.java,2221,2221,"Update the TimeboundaryInfo in Pinot Broker when offline segments are refreshed. (#3354)

* T1969117 Let the pinot controller to send messages to pinot brokers during offline segments refreshment events so that the latter can update their timeboundary info.

Summary: T1969117 Let the pinot controller to send messages to pinot brokers during offline segments refreshment events so that the latter can update their timeboundary info.

Test Plan: Unit/Integrate tests added. A sandbox time will follow.

Reviewers: #streaming_pinot!

Differential Revision: https://code.uberinternal.com/D2078001

* T1969117 Update based on the reviews:   (1) Modify the message sending using ExternalView instead of LiveInstances.   (2) Handle the TimeboundaryInfo refreshing asynchronous and combine all the refreshing requests for the same table within a short...

Summary: ...time period into a single update to save requests to the Zookeeper.   (3) Remove unnessisary updates.

Reviewers: #streaming_pinot!

Differential Revision: https://code.uberinternal.com/D2087351

* Add license info

* Fix license info

* Fix license info II

* Revised based on comments.

* Update the TimeBoundaryInfo feature change to be compatible with LinkedIn change

* Improve the codes based on reviews from mcvsubbu.

* Revised based on comments.

* Further revision addressing comments.",224,143,0.6023759708865096,1.665685356387516,269
27ae04249750ace8a2a652abbbf045d5e7678871,2018-11-01 12:39:56-07:00,2018-11-01 12:39:56-07:00,pinot-controller/src/main/java/com/linkedin/pinot/controller/helix/core/PinotHelixResourceManager.java,2221,2221,Remove references to kafka from generic classes (#3423),224,143,0.6023759707454603,1.6656853573718795,269
a899cf4e610d534035f2def4f5ab3550eb484295,2018-12-13 09:28:09-08:00,2018-12-13 09:28:09-08:00,pinot-controller/src/main/java/com/linkedin/pinot/controller/helix/core/PinotHelixResourceManager.java,2225,2225,Add config to set batchMessageMode on ideal state of new tables (#3613),224,144,0.6027362289064387,1.6662045836414343,269
35d61aafa6a8fdc67cdd47d6e383dd791684e92a,2018-12-14 15:07:20-08:00,2018-12-14 15:07:20-08:00,pinot-controller/src/main/java/com/linkedin/pinot/controller/helix/core/PinotHelixResourceManager.java,2216,2216,Add ControllerLeadershipManager as single place to check controller leadership changes (#3604),223,143,0.6026547948056166,1.6663949670536824,269
c25e5eaaab2478cf2a07d5bb438ee14e784c4113,2019-01-07 10:04:35-08:00,2019-01-07 10:04:35-08:00,pinot-controller/src/main/java/com/linkedin/pinot/controller/helix/core/PinotHelixResourceManager.java,2223,2223,"Use ZkCacheBaseDataAccessor to cache instance configs in PinotHelixResourceManager (#3633)

* Use ZkCacheBaseDataAccessor to cache instance configs in PinotHelixResourceManager;
* Unit tests added.",223,143,0.6052300249183008,1.673732181996296,269
46ad4f95996e77da8b516535daa8be4d89c09d36,2019-01-08 14:38:45-08:00,2019-01-08 14:38:45-08:00,pinot-controller/src/main/java/com/linkedin/pinot/controller/helix/core/PinotHelixResourceManager.java,2226,2226,"Update license header (#3664)

* Update license header

* Address review comments - Update excludes

* Address review comments - add license header for autogenerated code as well",223,143,0.6052300249183008,1.6737321833937264,269
b497851f3406b72b7f36596c362e1fcbcb4a162a,2019-01-11 09:43:41-08:00,2019-01-11 09:43:41-08:00,pinot-controller/src/main/java/org/apache/pinot/controller/helix/core/PinotHelixResourceManager.java,2226,2226,Move all files in com.linkedin to org.apache (#3680),223,143,0.6052300249183008,1.6737321833937264,269
e7b20da3a3ef6f6a29f4c3f359aafdf96da1e134,2019-01-11 09:53:02-08:00,2019-01-11 09:53:02-08:00,pinot-controller/src/main/java/org/apache/pinot/controller/helix/core/PinotHelixResourceManager.java,2226,2226,Rename all package references from com.linkedin to org.apache (#3681),223,143,0.6052300249183008,1.6737321833937264,269
059149bb621b6274f0234c2aa43d45dec97cb78e,2019-01-14 16:37:43-08:00,2019-01-14 16:37:43-08:00,pinot-controller/src/main/java/org/apache/pinot/controller/helix/core/PinotHelixResourceManager.java,2226,2226,"Optimize imports for all files (#3683)

The import optimization is based on the LinkedIn Style which will be checked in in a separate PR.",223,143,0.6052300249183008,1.6737321833937264,269
d0d543427c12d3dcc971278e687d8355f3dd54c9,2019-01-17 09:11:48-08:00,2019-01-17 09:11:48-08:00,pinot-controller/src/main/java/org/apache/pinot/controller/helix/core/PinotHelixResourceManager.java,2244,2244,"Fix SegmentStatusChecker exception (#3704)

SegmentStatusChecker is instantiated in the ControllerStarter constructor, right after PinotHelixResourceManager is instantiated. The SegmentStatusChecker (and all other periodic tasks) receive the _pinotHelixResourceManager object as a parameter in their constructor. However, the _pinotHelixResourceManager is not supposed to be used until PinotHelixResourceManager::start() is invoked. Only after invoking start() does the _pinotHelixResourceManager properly get initialized i.e. the _helixAdmin, _helixClusterName, _propertyStore get set. Until start() is invoked, the _helixAdmin, _helixClusterName and _propertyStore will be null in the _pinotHelixResourceManager.
As a result, even though we pass _pinotHelixResourceManager to all periodic tasks in their constructor, we cannot be accessing these objects, until after the invocation of start().",225,145,0.6052537827927882,1.6729211659047243,269
ce2d9ee9dc73b2d7273a63a4eede774eb024ea8f,2019-01-28 20:26:06-08:00,2019-01-28 20:26:06-08:00,pinot-controller/src/main/java/org/apache/pinot/controller/helix/core/PinotHelixResourceManager.java,2255,2255,"Auto-reformat all java source files (#3739)

Use IntelliJ to reformat all java source files
Manually fix some wrong-placed comments
No code change involved

After this, we can manually go to each file and resolve the checkstyle warnings

To resolve conflict after rebasing on this change:
1. For any conflict, pick the change in your branch
2. Reformat the file using IntelliJ after all conflicts resolved

NOTE: the reformat for enum is not well-supported (behavior is different between Mac and Linux), check before submitting the code",225,145,0.6049794247133019,1.6721189324911248,269
f8a1ff2c106cb41bd1e1d89dadc2edc177f6c518,2019-01-29 15:01:42-08:00,2019-01-29 15:01:42-08:00,pinot-controller/src/main/java/org/apache/pinot/controller/helix/core/PinotHelixResourceManager.java,2258,2258,"Better handle NPE from getting instance config (#3758)

* Better handle NPE from getting instance config",225,145,0.6050834824591284,1.6723832223825439,272
1c7b03f0c494893b36dfdcb2dea28af9171c9400,2019-02-01 11:30:33-08:00,2019-02-01 11:30:33-08:00,pinot-controller/src/main/java/org/apache/pinot/controller/helix/core/PinotHelixResourceManager.java,2278,2278,"Add log for delete table API (#3763)

* Add log for delete table API",227,145,0.6049075687188531,1.6718607280719844,272
9269f5e02cfd868bd9448c6c4df9107e5776e60c,2019-02-26 11:24:56-08:00,2019-02-26 11:24:56-08:00,pinot-controller/src/main/java/org/apache/pinot/controller/helix/core/PinotHelixResourceManager.java,2289,2289,"Check assigned instances for uploading new segment (#3856)

* Improve segment validator to check assigned instances for uploading new segment
* Add Precondition on assignedInstances before updating zk",227,146,0.6040524909528222,1.6690830018073284,272
bf63bd472c9e86f113e0f4f28d9131a0202a602c,2019-03-07 16:34:16-08:00,2019-03-07 16:34:16-08:00,pinot-controller/src/main/java/org/apache/pinot/controller/helix/core/PinotHelixResourceManager.java,2289,2289,Set controller.enable.batch.message.mode to false by default (#3928),227,146,0.604039974798102,1.6690467077950346,272
eccf573a636de84e60c85cc331fea0afc172c90c,2019-03-20 17:28:41-07:00,2019-03-20 17:28:41-07:00,pinot-controller/src/main/java/org/apache/pinot/controller/helix/core/PinotHelixResourceManager.java,2288,2288,"In TableConfig, add checks for mandatory fields (#3993)

Add explicit checks for mandatory fields when serialize/deserialize table config
Without the explicit checks, it will throw NPE, which is not clear and hard to debug

Also change the serialize APIs to be non-static

Add unit test and integration test for the changes",227,146,0.6043264403564459,1.6698661417087843,272
c9fbd6a11ca18c6497462f4698130d2735addc77,2019-03-22 13:56:13-07:00,2019-03-22 13:56:13-07:00,pinot-controller/src/main/java/org/apache/pinot/controller/helix/core/PinotHelixResourceManager.java,2302,2302,"Add controller mode logic in ControllerStarter (#3864)

* Add controller mode logic

* Move controller mode out of resource manager",228,146,0.6043098514766427,1.6699261117025819,272
78bfe3e2dea4a8cdacf425fda416e1969378006b,2019-04-04 20:34:41-07:00,2019-04-04 20:34:41-07:00,pinot-controller/src/main/java/org/apache/pinot/controller/helix/core/PinotHelixResourceManager.java,2316,2316,"Fix 500 issue with 'GET /tenants' API call (#4061)

When a server has a wrong formatted tag, current implemantation
would return 500 error for GET /tenants call.
In that case, we should not fail and return the list of valid
tenants.

For the wrong formatted tags, this pr adds the log so that one can
look up the logs when cleaning up the tags.",228,146,0.604396577478726,1.670174375415242,272
2bb6a43114f1645057a6c6a1adcceab381e4559e,2019-04-15 10:03:05-07:00,2019-04-15 10:03:05-07:00,pinot-controller/src/main/java/org/apache/pinot/controller/helix/core/PinotHelixResourceManager.java,2352,2352,Add validations to table config before updating a table config (#4103),232,149,0.6046821445738101,1.6698131800840519,275
25c36869999ad12560ca3fa0a9c1319cfba5183c,2019-04-18 14:09:56-07:00,2019-04-18 14:09:56-07:00,pinot-controller/src/main/java/org/apache/pinot/controller/helix/core/PinotHelixResourceManager.java,2361,2361,Remove singleton for PinotLLCRealtimeSegmentManager and SegmentCompletionManager (#4102),234,153,0.6071049208811595,1.67517369938996,275
222162323d7a782a10d831ced93b95538a90e74a,2019-04-22 21:50:53-07:00,2019-04-22 21:50:53-07:00,pinot-controller/src/main/java/org/apache/pinot/controller/helix/core/PinotHelixResourceManager.java,2371,2371,"Fix the issue where ZkCacheBaseDataAccessor.getChildren() can return list with null znRecords (#4152)

This can happen if the record gets removed while calling this method.
Need to handle it to prevent NPE.",234,153,0.6070480472592279,1.6750185219548064,279
40df151e79882a9debedc2971e71625659e4f24f,2019-05-15 10:34:37-07:00,2019-05-15 10:34:37-07:00,pinot-controller/src/main/java/org/apache/pinot/controller/helix/core/PinotHelixResourceManager.java,2395,2395,"Creation/deletion flow for replica groups sets in realtime (#4193)

Create the replica group znode for realtime depending on segment assignment strategy. Phase 1- step 1 of https://github.com/apache/incubator-pinot/issues/4192",236,153,0.6072496819984712,1.675586346320937,283
8c8c0ae999ab7277b90e003af9ab1a034f64025e,2019-05-29 09:49:52-07:00,2019-05-29 09:49:52-07:00,pinot-controller/src/main/java/org/apache/pinot/controller/helix/core/PinotHelixResourceManager.java,2410,2410,"Add config to disable HLC realtime segment completion (#4235)

* Add config to disable HLC realtime segment completion",238,155,0.6081487086104306,1.6773021488985675,285
75667900a7ad4739069aa2220b778ab7d7b12a6b,2019-06-06 22:18:16-07:00,2019-06-06 22:18:16-07:00,pinot-controller/src/main/java/org/apache/pinot/controller/helix/core/PinotHelixResourceManager.java,2404,2404,"Create leadControllerResource in helix cluster (#4047)

* Create leadControllerResource in Helix cluster

* Separate Helix cluster creation logic

* Enabled delay rebalance on lead controller resource, set delay time to 5 mins, minActiveReplicas to 0, numReplicas to 1.",242,155,0.6077740160282091,1.6762909752859536,278
caac81dfca7bb2de927e2c6306b554ac5cf5d6e6,2019-06-10 13:00:59-07:00,2019-06-10 13:00:59-07:00,pinot-controller/src/main/java/org/apache/pinot/controller/helix/core/PinotHelixResourceManager.java,2399,2399,"Cleaning up getTableName() for segment zk metadata (#4288)

* Cleaning up getTableName() for segment zk metadata
Removing unnecessary calls to segmentZKMetadata.getTableName()

* Updated variable names for HL,LLRealtimeSegmentDataManager",242,155,0.6077349888022278,1.67615724463371,276
3ae95badf7e38a0074d36c2f00c6de0a2da69807,2019-06-10 17:46:23-07:00,2019-06-10 17:46:23-07:00,pinot-controller/src/main/java/org/apache/pinot/controller/helix/core/PinotHelixResourceManager.java,2402,2402,"Cleaning up getTableName() for segment metadata (#4289)

* Cleaning up getTableName() for segment metadata
Removing unnecessary calls to segmentMetadata.getTableName()

* Remove segmentMetadata.getTableName from memory estimator and segment query processor",242,155,0.6080529352442648,1.6770687574598244,276
47e91a2551305ec751c29487d156d46404dab06b,2019-06-17 21:53:01-07:00,2019-06-17 21:53:01-07:00,pinot-controller/src/main/java/org/apache/pinot/controller/helix/core/PinotHelixResourceManager.java,2404,2404,"Add deprecated annotation for segment zk metadata (#4320)

* Add deprecated annotation for segment zk metadata

This is a follow up work for #4288 and #4289

1. Added deprecated annotation for segment zk metadata.
2. Remove all getTableName & setTableName usages from testing code

- There is no usage of getTableName() for segment zk metadata except
the case where we fill segment metadata from segment zk metadata
for realtime segment creation.
- For segment metadata, the only usage is during the segment upload
- We still write segment name to both segment zk metadata and segment
  metadata for rollback support.

* Addressing comments",242,155,0.608046833314087,1.6770419115346304,276
626c43a37483af8b32e485ad241962935bd9232f,2019-07-12 20:16:53-07:00,2019-07-12 20:16:53-07:00,pinot-controller/src/main/java/org/apache/pinot/controller/helix/core/PinotHelixResourceManager.java,2398,2398,Misc fix for controller tests (#4431),241,154,0.6070380909782599,1.6745858286929731,276
dfdf443b393ce7c73e53cc86d9a1212194a41416,2019-08-01 10:45:05-07:00,2019-08-01 10:45:05-07:00,pinot-controller/src/main/java/org/apache/pinot/controller/helix/core/PinotHelixResourceManager.java,2401,2401,"Add support in the rebalancer for the user to provide minimum number of serving replicas (#4446)

* Add support in the rebalancer for the user to provide
minimum number of serving replicas that should be up
for no-downtime rebalancing

* Cleanup

* Add entry point in pinot-admin tool for TableRebalancer
Add a cluster integration test for rebalancer

* Additional unit tests and manual testing

* Add state transition stats in integration tests

* Address review comments, add more tests

* Address review comments

* Address review comments. Add tests for realtime tables

* address review comments

* fix test

* Address review comments

* Address review comments",241,154,0.6070259535495338,1.674556536977698,276
6cf8c60a982cfc3aa47d08ae90d2a6a9d9df712d,2019-08-01 12:54:14-07:00,2019-08-01 12:54:14-07:00,pinot-controller/src/main/java/org/apache/pinot/controller/helix/core/PinotHelixResourceManager.java,2368,2368,"Clean up tenant config validation to correctly handle tag override (#4488)

- Simplify the validation logic
- Fetch server tag from TagConfig to handle tag override properly",238,154,0.6076571676260935,1.6762539930108042,259
674139674b0e72188b1b49c48f687303d3f7a352,2019-08-08 17:55:03-07:00,2019-08-08 17:55:03-07:00,pinot-controller/src/main/java/org/apache/pinot/controller/helix/core/PinotHelixResourceManager.java,2352,2352,"Fix the toggle table state API (#4509)

Currently toggle table state API is not calling the correct method to drop the table
Re-write toggle table state API and move it into PinotHelixResourceManager",231,153,0.6078465953670958,1.677146227968981,259
fa615df5c9cb696e01e86a2669bfeddcc6844413,2019-08-09 11:09:13-07:00,2019-08-09 11:09:13-07:00,pinot-controller/src/main/java/org/apache/pinot/controller/helix/core/PinotHelixResourceManager.java,2328,2328,"Put Helix manager out of resource manager (#4506)

* Put Helix manager out of resource manager",228,152,0.6074194840789883,1.676217565614837,259
1d7b4a5763771f93b9abf25fef25aab7c83e4268,2019-08-12 17:29:26-07:00,2019-08-12 17:29:26-07:00,pinot-controller/src/main/java/org/apache/pinot/controller/helix/core/PinotHelixResourceManager.java,2320,2320,"[Instance Assignment] Enhance Instance class to include the pool config (#4522)

- Enhance Instance class to include the pool config
- Allow multiple tags in the Instance
- Support pools and multiple tags for instance restlet API
- Make the behavior of joining the cluster via instance restlet API and auto-join consistent
  - HELIX_HOST will have the instance type prefix per Helix behavior",228,152,0.6079958399669833,1.6778459515950563,259
4f8ffc760f5187883a7ea7561c536dca2d0957b8,2019-08-15 15:26:29-07:00,2019-08-15 15:26:29-07:00,pinot-controller/src/main/java/org/apache/pinot/controller/helix/core/PinotHelixResourceManager.java,2322,2322,"[Controller Separation] Add logic for lead controller resource (#4323)

* Add logic for leveraging lead controller resource

* Add logic for lead controller resource on controller side

* Remove API design out of this PR

* Move murmur2 functions to an util class in pinot-common

* Use resource config to check whether resource is enabled

* Create a customized MasterSlaveStateModelFactory instead of inherating one from Helix

* Check resource config is enabled from server",228,152,0.608651844048018,1.6797111543373644,259
4e41bc36b156b8f1d54619eb79fe161eed2c42c9,2019-08-15 17:29:41-07:00,2019-08-15 17:29:41-07:00,pinot-controller/src/main/java/org/apache/pinot/controller/helix/core/PinotHelixResourceManager.java,2333,2333,"[Instance Assignment] Plug in instance assignment (#4516)

- Add instance assignment APIs including:
  - GET/PUT/DELETE instance partitions
  - Assign instances for a table
  - Replace instance in instance partitions
- Assign instances if necessary while creating/updating table config
- Backward-compatible, no change to the cluster if instance assignment is not configured",242,152,0.6080039246931884,1.6778672488394033,251
f3893c96d91de95c69c9109a66154f694f983a86,2019-08-19 20:43:03-07:00,2019-08-19 20:43:03-07:00,pinot-controller/src/main/java/org/apache/pinot/controller/helix/core/PinotHelixResourceManager.java,2331,2331,"[Instance Assignment] Rename instance level replica to replica-group (#4536)

To reduce the confusion of the code:
- Replica-group: a set of instances that serves one replica of all the segments
- Replica: one copy of the segment",242,152,0.6080402019379352,1.6779677168622797,251
d261a76e3b78eeec0d560d60c8f1999df5d7b7d0,2019-08-20 08:22:09-07:00,2019-08-20 08:22:09-07:00,pinot-controller/src/main/java/org/apache/pinot/controller/helix/core/PinotHelixResourceManager.java,2331,2331,Expose table-name via StreamConfig (#4543),242,152,0.6079920936905113,1.6778309930596904,251
cf980cbe564dda983fccf2bf7eabf877a7721cf8,2019-08-21 17:42:12-07:00,2019-08-21 17:42:12-07:00,pinot-controller/src/main/java/org/apache/pinot/controller/helix/core/PinotHelixResourceManager.java,2302,2302,"[Instance Assignment] Plug in segment assignment for offline segment assignment and table rebalance (#4549)

Re-implement the TableRebalancer to use the new assignment and adding new options:
- reassignInstances: run instance assignment and update the instance partitions
- allow negative minReplicasToKeepUpForNoDowntime as max replicas allowed to be unavailable
- Enhance the algorithm for next assignment to converge faster while keeping the configured num replicas up
- In rebalance result, return both instance and segment assignment result, add status NO_OP and IN_PROGRESS for clarity
Change RealtimeSegmentRelocator to use TableRebalancer with max 1 replica down

TODO in following PRs:
- Plug in segment assignment for real-time segment assignment
- Make broker replica-group based routing work on instance partitions
- Documentation for the new instance assignment",236,147,0.6057997087179602,1.6734180612849392,256
577f1cf6328a135f3a933dc0c9dc43bb21d34f5a,2019-09-25 17:44:34-07:00,2019-09-25 17:44:34-07:00,pinot-controller/src/main/java/org/apache/pinot/controller/helix/core/PinotHelixResourceManager.java,2304,2304,"Do not update download URL and crypter when segment is not refreshed (#4593)

When segment is not refreshed (same crc so no need to refresh),
segment file won't be persisted, so should not change download URL
and crypter field in ZK metadata",236,147,0.6057434121224357,1.67325827999712,256
8a80760a20483b878510d39a31e020400c5ee06c,2019-10-01 10:10:30-07:00,2019-10-01 10:10:30-07:00,pinot-controller/src/main/java/org/apache/pinot/controller/helix/core/PinotHelixResourceManager.java,2323,2323,"Refactor toggleInstanceState API (#4560)

* Fix toggle instance API

* Fix ControllerInstanceToggleTest",237,147,0.6060603734493931,1.6741745955842928,260
18a9f2fa62e1aebe5c5678fa696faffc44e548d7,2019-10-07 11:52:37-07:00,2019-10-07 11:52:37-07:00,pinot-controller/src/main/java/org/apache/pinot/controller/helix/core/PinotHelixResourceManager.java,2311,2311,"Use guava cache for instance admin endpoints (#4678)

This PR:
- uses guava cache for instance admin endpoints.
- removes cached data accessor, which comes from Helix code.

Current usage of cached based data accessor has the issue described in this link: #4665
And the cached data accessor was to solve the problem of frequent zk access to get the instance admin endpoints when there's segment upload. Plus, we've seen some flaky tests in our build, which are also related to this cached data accessor.
This issue can be solved by just introducing a guava cache to cache the instance admin endpoint. So no need to maintain a cached data accessor any more.",236,148,0.6063979247328096,1.674817401431117,252
51c7a0f6b87f78d73a146607e5e8f4cdb8a6edd9,2019-10-09 09:45:58-07:00,2019-10-09 09:45:58-07:00,pinot-controller/src/main/java/org/apache/pinot/controller/helix/core/PinotHelixResourceManager.java,2308,2308,"Modify get tenant names APIs (#4688)

This PR modifies the logic of getting tenant name APIs.

The previous code firstly gets the list of instance names from /INSTANCES ZNode and then gets the instance config one by one from /CONFIG/PARTICIPANT/INSTANCES ZNode. Whereas these two ZNodes may be inconsistent.
That's why we sometimes encounter flaky NPE when calling these APIs.",236,148,0.6069631616801572,1.6764536651846664,252
a6f8f1e3e870aa3d242a67f92ffb28a7f6142770,2019-10-21 10:22:25-07:00,2019-10-21 10:22:25-07:00,pinot-controller/src/main/java/org/apache/pinot/controller/helix/core/PinotHelixResourceManager.java,2291,2291,"[Resource Assignment] Plug in resource assignment to LLC REALTIME table (#4695)

This is the last PR to plug in the new resource assignment, after this PR, all the segment assignment/rebalance will use the new strategy.
Uniform the OFFLINE/REALTIME table segment assignment behavior to allow assigning segments to disabled instances to prevent segment shuffling if servers got disabled.

Re-write most of the PinotLLCRealtimeSegmentManager to use the new assignment strategy:
- Remove the boolean return and change it to throw exception when operation failed (old code can throw exception and also return false, which is hard to manage)
- Remove the controller leadership check inside the PinotLLCRealtimeSegmentManager to prevent responding FAILED in case of NOT_LEADER. The check is already performed in SegmentCompletionManager
- Remove the controller connection check because ZK access will implicitly check that
- Enhance the segment repair logic to correctly skip OFFLINE segments
- Introduce the LLC_ZOOKEEPER_FETCH_FAILURES in controller metrics to track ZK exceptions

Re-write the PinotLLCRealtimeSegmentManagerTest to test all the changes:
- testCommittingSegmentIfDisconnected is removed because we don't explicitly check disconnection but fail with the ZK exception
- testIdealStateAlreadyUpdated is covered by testCommitSegment committing the segment again",235,148,0.6079952023994255,1.6794284977939493,247
57f67c989e7783aaf5cd0057207c57d6fb78bba7,2019-11-15 16:06:11-08:00,2019-11-15 16:06:11-08:00,pinot-controller/src/main/java/org/apache/pinot/controller/helix/core/PinotHelixResourceManager.java,2233,2233,"Refactor segments admin rest APIs (#4806)

- Segment toggle APIs are removed (backward-incompatible change)
- List all segments in cluster API is removed (backward-incompatible change)
- Move the APIs under the Segment API tag
- Refactor the APIs to match the uri semantic

GET requests:
- ""/segments/{tableName}"": get the name of all segments
- ""/segments/{tableName}/servers"": get a map from server to segments hosted by the server
- ""/segments/{tableName}/crc"": get a map from segment to CRC of the segment (OFFLINE table only)
- ""/segments/{tableName}/{segmentName}/metadata: get the metadata for a segment

POST requests:
- ""/segments/{tableName}/{segmentName}/reload"": reload a segment
- ""/segments/{tableName}/reload"": reload all segments

DELETE requests:
- ""/segments/{tableName}/{segmentName}"": delete a segment
- ""/segments/{tableName}: delete all segments

Deprecated APIs:
- ""GET /tables/{tableName}/segments""
- ""GET /tables/{tableName}/segments/metadata""
- ""GET /tables/{tableName}/segments/crc""
- ""GET /tables/{tableName}/segments/{segmentName}""
- ""GET /tables/{tableName}/segments/{segmentName}/metadata""
- ""GET /tables/{tableName}/segments/{segmentName}/reload""
- ""POST /tables/{tableName}/segments/{segmentName}/reload""
- ""GET /tables/{tableName}/segments/reload""
- ""POST /tables/{tableName}/segments/reload""

Deprecated APIs are subject to be removed in the next release
All APIs are manually tested",227,147,0.6087989789362634,1.6820818630653342,236
9881764d736543d3f88c31dcbada7d6b8448313e,2019-11-26 15:11:02-08:00,2019-11-26 15:11:02-08:00,pinot-controller/src/main/java/org/apache/pinot/controller/helix/core/PinotHelixResourceManager.java,2231,2231,"Introduce the base JSON config class and clean up the config classes (#4858)

Simplify the config classes by introducing the BaseJsonConfig class with the following methods:
- toJsonNode()
- toJsonString()
- hashCode()
- equals()
- toString()

NOTE: hashCode() and equlas() are for debugging and testing purpose only, as config is not meant to be compared

Use JsonCreator to construct configs to prevent configs getting modified",227,147,0.6088885706795197,1.6823531294263743,236
05c89fca6744b6f5d8ffd0e1c19c8ed0e28d0ae6,2019-11-26 16:38:46-08:00,2019-11-26 16:38:46-08:00,pinot-controller/src/main/java/org/apache/pinot/controller/helix/core/PinotHelixResourceManager.java,2233,2233,"Enhance TagNameUtils to handle the TagOverrideConfig (#4859)

Also remove the following config classes (not really config):
- TagConfig
- OfflineTagConfig
- RealtimeTagConfig

NOTE: tenant should never have suffix; tag should always have suffix
Remove the support of mixed use of tenant/tag to prevent attaching wrong suffix",227,147,0.6090005356489824,1.682652285931904,237
fdfe8a2bde481aa3233a7675fbf4040a330d4b63,2019-11-27 13:29:47-08:00,2019-11-27 13:29:47-08:00,pinot-controller/src/main/java/org/apache/pinot/controller/helix/core/PinotHelixResourceManager.java,2208,2208,Misc clean up for PinotHelixResourceManager (#4865),224,146,0.6098266964690947,1.6852033177734764,239
63ceb0c47759cf5b7372c03a2d76f7206bbec133,2019-11-27 23:40:20-08:00,2019-11-27 23:40:20-08:00,pinot-controller/src/main/java/org/apache/pinot/controller/helix/core/PinotHelixResourceManager.java,2208,2208,"Adding pinot-spi module and moving record reader interface (#4869)

* Adding pinot-spi module and moving recordreader interface to it

* Fixing compilation issues after rebase",224,146,0.6098266964690947,1.6852033218663645,239
c37fa7d64813f01448e1c37f627182514895bea4,2019-12-04 11:16:34-08:00,2019-12-04 11:16:34-08:00,pinot-controller/src/main/java/org/apache/pinot/controller/helix/core/PinotHelixResourceManager.java,2209,2209,"Moving stream related apis to pinot-spi (#4884)

* Moving stream related apis to pinot-spi

* Fixing compilation issue after rebasing",224,146,0.609784473169185,1.6850898800873848,239
7bd5a7e76e54db5331fb934c56cff0714f3f7d89,2019-12-17 23:02:06-08:00,2019-12-17 23:02:06-08:00,pinot-controller/src/main/java/org/apache/pinot/controller/helix/core/PinotHelixResourceManager.java,2209,2209,"Removing pinot-common dependency from pinot-hadoop-filesystem and pin… (#4939)

* Removing pinot-common dependency from pinot-hadoop-filesystem and pinot-azure-filesystem

* Changing pinot-spi scope from compile to provided

* Addressing comments - moving retryPolicy to spi

* Removing static imports

* Fixing test cases",224,146,0.6097844731691852,1.6850898805806078,239
b250439fb7f14d1217e47bfdd22f67154d0fbd6b,2019-12-19 17:29:02-08:00,2019-12-19 17:29:02-08:00,pinot-controller/src/main/java/org/apache/pinot/controller/helix/core/PinotHelixResourceManager.java,2301,2301,"Update schema API to reload table on schema change when applicable (#4838)

Add the option to reload tables automatically when a backward-compatible schema is updated.

Update Schema: ""/schemas/{schemaName}""
- add QueryParam(""reload"") with default ""false"" to keep the behavior same with before.
- when reload=true, if the new schema is backward compatible with the old one, tables using the schema will be automatically reloaded.

Add Schema: `/schemas`
- add QueryParam(""override"") with default ""true"" to keep the behavior same with before.
- when override=false, if the schema with the same name already exists, the add schema action would be rejected (to address the previous TODO ""This should not update if the schema already exists"")",239,148,0.6096117685215212,1.6839036038334065,272
e46eec3553c33de7ad5b01edbb3c75c62dee12d2,2020-01-20 16:07:55-08:00,2020-01-20 16:07:55-08:00,pinot-controller/src/main/java/org/apache/pinot/controller/helix/core/PinotHelixResourceManager.java,2323,2323,"Make PQL case insensitive (#4983)

* Make PQL case insensitive

* Handling expression in filter clause

* Adding test case and making it configurable

* Addressing review comments

* Fixing the bug of get actual column name

Co-authored-by: Xiang Fu <fx19880617@gmail.com>",240,151,0.6088080940615769,1.6802501964866159,272
a1d8e03a967ebadc47ca148d112150913fab4dd7,2020-01-28 14:48:37-08:00,2020-01-28 17:48:37-05:00,pinot-controller/src/main/java/org/apache/pinot/controller/helix/core/PinotHelixResourceManager.java,2323,2323,"Fix benchmark client (#4933)

* Fix socket leak in benchmark client.

(cherry picked from commit 9ac4cca0ccc561f8e1bdc58ea31f7a39924612df)

* Fix issue with benchmark server boot

(cherry picked from commit 9c55f710f8547fa09505c3458b47fc27a47f051a)

* Add comment about instanceConfig and fix benchmark driver server name configuration.

(cherry picked from commit b0dcfbfe5c9bdc5628fbf854fc8dade4c526eb0e)",240,151,0.6088638614362196,1.6804017044629176,273
c9d88e47e02d799dc334d7dd1446a38d9ce161a3,2020-02-06 18:01:56-08:00,2020-02-06 18:01:56-08:00,pinot-controller/src/main/java/org/apache/pinot/controller/helix/core/PinotHelixResourceManager.java,2325,2325,"Fix the assumption of 'SERVER_' hostname prefix for admin endpoint cache in PinotHelixResourceManager (#5057)

Server hostname can be customized, so we can no longer assume hostname to have the 'SERVER_' prefix
Once all servers are deployed and the InstanceConfig are standardized to the real hostname, we can remove the check",240,151,0.6088545304709626,1.680382390056931,274
f247e777734f3e2dd4e8aa8b33272f80c12d5b4e,2020-02-24 12:51:09-08:00,2020-02-24 12:51:09-08:00,pinot-controller/src/main/java/org/apache/pinot/controller/helix/core/PinotHelixResourceManager.java,2266,2266,"Plug in the new routing introduced in #5046 (#5082)

- Plug in the new routing for the new added routing features
- Re-implement time boundary refresh as a general broker segment refresh to handle the update of time info, partition info etc.
- Add PinotBrokerRouting resource to provide APIs to manage the broker routing
  - PUT `/routing/{tableName}`: Build/rebuild the routing for a table
  - PUT `/routing/refresh/{tableName}/{segmentName}`: Refresh the routing for a segment
  - DELETE `/routing/{tableName}`: Remove the routing for a table
- Add a new debug API to help test the segment pruning
  - GET `/debug/routingTable?pql={pql}`: Get the routing table for a query

(Backward-incompatible) Broker rest API changes:
- GET `/debug/timeBoundary/{tableName}` will return NOT_FOUND status when time boundary does not exist
- GET `/debug/routingTable/{tableName}` will return the actual routing table instead of the snapshots because snapshot is no longer available for the new routing
- GET `/health` will return the status from the ServiceStatus in order to reflect the real status of the broker

(Backward-incompatible) Time boundary refresh:
Time boundary refresh is merged into the general broker segment refresh and is triggered by the SegmentRefreshMessage.
In case controller and broker are running in different versions, it won't have any effect.
Since time boundary refresh is needed in very rare scenario, it should have very little impact.",233,149,0.6085568475910422,1.6802199352566933,267
b880c47bb8c7db50275fb04f8b2b0d84fa8a5778,2020-02-27 15:44:46-08:00,2020-02-27 15:44:46-08:00,pinot-controller/src/main/java/org/apache/pinot/controller/helix/core/PinotHelixResourceManager.java,2265,2265,Fix the duplicate broker refresh message (#5102),233,149,0.6086110322573332,1.680370869010281,267
ef75b027d7af09f625eabb9f192bea7ca109e8eb,2020-03-04 09:38:03-08:00,2020-03-04 09:38:03-08:00,pinot-controller/src/main/java/org/apache/pinot/controller/helix/core/PinotHelixResourceManager.java,2298,2298,"Update rate limiter when table config updated on controller (Part 2) (#5067)

* [Part 2] Update rate limiter when table config updated",237,150,0.6089077641089311,1.6808323201517432,269
99338708cc074e4c7690da1ae3d69c1e40ae5dc8,2020-03-16 16:25:52-07:00,2020-03-16 16:25:52-07:00,pinot-controller/src/main/java/org/apache/pinot/controller/helix/core/PinotHelixResourceManager.java,2298,2298,"Move SegmentMetadata from pinot-common to pinot-core (#5156)

This PR only moves the class into another package, no actual code change",237,150,0.6089077641089311,1.6808323188072072,269
ae484e572035eb66844770db9c22cf1f0096a1cc,2020-03-23 19:13:53-07:00,2020-03-23 19:13:53-07:00,pinot-controller/src/main/java/org/apache/pinot/controller/helix/core/PinotHelixResourceManager.java,2293,2293,"Table level timeout implementation (#5169)

Introduced 3 levels of query timeout, where the first available one will be used:
- Query-level: Passed under the query options with key 'timeoutMs'
- Table-level: Configured under the QueryConfig inside TableConfig
- Instance-level: Configured in the instance config, or default

The timeout will be picked up on the broker side, and passed to the server under the query options.
If the query already timed out before broker sending the request to the servers, it will early terminate with BROKER_TIMEOUT_ERROR.
If the query timed out on the server side, broker should already returned with the partial response.

This PR also supports refreshing routing properties on table config change automatically.
Because the table config refresh is implemented using the Helix USER_DEFINE_MSG, both controller and broker need to be deployed in order to support it.
No specific deployment sequence is required (warning will be logged in BrokerUserDefinedMessageHandlerFactory when only one component is deployed).",236,150,0.6085794895161493,1.679893112581098,269
00fcb1d27f8daec48c1d87d46abfc8b60cfb32cf,2020-03-29 17:03:55-07:00,2020-03-29 17:03:55-07:00,pinot-controller/src/main/java/org/apache/pinot/controller/helix/core/PinotHelixResourceManager.java,2299,2299,"Move table config into pinot-spi (#5194)

Motivation:
- Table config should be moved to pinot-spi so that user interface can access it (e.g. segment generation spec)

Changes:
- Make all configs POJO like, and Json serializable for backward-compatibility
- De-couple the Helix properties and utils from the configs
- Add the TableConfigSerDeTest to check all the serialization/de-serialization

Side changes:
- Refactor DataSizeUtils (from DataSize), integrate StorageQuotaChecker and HelixExternalViewBasedQueryQuotaManager with the POJO like QuotaConfig
- TextIndexConfigValidator is integrated into `TableConfigUtils.validate(TableConfig tableConfig)`

BACKWARD-INCOMPATIBILITY:
- TableConfig no longer support de-serialization from json string of nested json string (i.e. no `\""` inside the json)",236,150,0.6082133598035288,1.67881749394859,269
fb043dab7d5fef3ef726896d2f53e45a2fd69f22,2020-04-20 15:36:53-07:00,2020-04-20 15:36:53-07:00,pinot-controller/src/main/java/org/apache/pinot/controller/helix/core/PinotHelixResourceManager.java,2299,2299,"Refactor configs in pinot-spi (#5262)

* Refactor configs in pinot-spi

* Add imports

Co-authored-by: Jack <lijljacklee@gmail.com>",236,150,0.6082133598035288,1.67881749471797,269
6bfcacb239f55c27491c2a580bf4a63cf2ec88fe,2020-05-29 11:39:44-07:00,2020-05-29 11:39:44-07:00,pinot-controller/src/main/java/org/apache/pinot/controller/helix/core/PinotHelixResourceManager.java,2299,2299,"[Cleanup] Merge RealtimeSegmentOnlineOfflineStateModel and SegmentOnlineOfflineStateModel in CommonConstants (#5459)

We only have one SegmentOnlineOfflineStateModel, so there is no value keeping both of them",236,150,0.6082266297547726,1.6788492834349007,269
5300197b98552978d55be3c5aefa15c9292811b6,2020-06-29 13:39:11-07:00,2020-06-29 13:39:11-07:00,pinot-controller/src/main/java/org/apache/pinot/controller/helix/core/PinotHelixResourceManager.java,2167,2167,"Remove updateExistedSegment (#5636)

Co-authored-by: Jack Li(Analytics Engineering) <jlli@jlli-mn1.linkedin.biz>",223,147,0.6082332719934396,1.6799790181115113,239
40a31529213efa7a5d03eb4e0ca020aa4045e0ca,2020-07-01 13:23:24-07:00,2020-07-01 13:23:24-07:00,pinot-controller/src/main/java/org/apache/pinot/controller/helix/core/PinotHelixResourceManager.java,2179,2179,"Add segment encryption on Controller based on table config (#5617)

* Add segment encryption on Controller based on table config

* Applied PR's comments

* Addressed PR's comments

* Add license header + equality check on crypters

* Addressed PR's comments

* Fix log message

Co-authored-by: Subbu Subramaniam <mcvsubbu@users.noreply.github.com>

Co-authored-by: Subbu Subramaniam <mcvsubbu@users.noreply.github.com>",225,148,0.6087765670405435,1.6811535013602745,239
47ff09b4c5d726355a4516d2e1eb72c9705b81b9,2020-07-01 17:35:19-07:00,2020-07-01 17:35:19-07:00,pinot-controller/src/main/java/org/apache/pinot/controller/helix/core/PinotHelixResourceManager.java,2194,2194,"Adding new Controller API for and setting tag for an instance (#4952)

This PR addresses the issue raised in #4082.
It introduces a new Controller API to update the instance config for an existing instance in the cluster:
-  `PUT /instances/{instanceName}` with `Instance` object as the pay-load",226,149,0.6087950883470209,1.6808315234298363,243
441a285467258b1c742d6fa6bc227cc5716a4b58,2020-07-06 14:33:39-07:00,2020-07-06 14:33:39-07:00,pinot-controller/src/main/java/org/apache/pinot/controller/helix/core/PinotHelixResourceManager.java,2194,2194,"Don't override tenantConfig in singleTenantCluster mode, if user explicitly set tenantConfig (#5656)",225,148,0.6086958012617045,1.6809277646984762,248
4378e87aba652a727076b535f77f4c0bbd4473d2,2020-07-13 22:34:38-07:00,2020-07-13 22:34:38-07:00,pinot-controller/src/main/java/org/apache/pinot/controller/helix/core/PinotHelixResourceManager.java,2224,2224,"Adding Controller API to explore Zookeeper (#5687)

* Adding Zookeeper resource to browse ZK data via controller API

* Fixing api documentation

* Fixing api documentation

* Fixing api documentation

* Addressing comments",228,152,0.609663355144345,1.682244138942297,249
c71044c3833787c8bc1323c520e02b47ec94aba4,2020-07-22 14:34:32-07:00,2020-07-22 14:34:32-07:00,pinot-controller/src/main/java/org/apache/pinot/controller/helix/core/PinotHelixResourceManager.java,2233,2233,"Enable/disable query quotas per broker (#5724)

* Enable/disable query quotas per broker

* Refactor to use instance config instead of Helix message

Co-authored-by: Jack Li(Analytics Engineering) <jlli@jlli-mn1.linkedin.biz>",229,153,0.6096726793472148,1.6819263861013773,249
ef3e3c3b5cbc72df5697136ffba07e87ed26bfb9,2020-07-23 20:54:47-07:00,2020-07-23 20:54:47-07:00,pinot-controller/src/main/java/org/apache/pinot/controller/helix/core/PinotHelixResourceManager.java,2396,2396,"Add startReplaceSegments, endReplaceSegments controller API (#5712)

* Add startBatchUpload, endBatchUpload controller API

These APIs are the building block to achieve atomically replacing
m segments into n segments. Segment selection algorithm will be the
next PR.

1. Added startBatchUplad, endBatchUPload controller API
2. Added unit tests

* Addressing comments

* Addressing comments and change the API name to ""ReplaceSegments""",247,155,0.6111805037400667,1.6855913149011434,258
c2c623aec69b5288c365c843976d464df8c9e480,2020-08-03 15:16:59-07:00,2020-08-03 15:16:59-07:00,pinot-controller/src/main/java/org/apache/pinot/controller/helix/core/PinotHelixResourceManager.java,2399,2399,"Refactor TableCache (#5780)

Refactor TableCache with the following enhancement:
- Support caching schema
- Correctly handle table config and schema change and remove
- Significantly reduce the ZK read (only need to read new added table config and schema)

Always create TableCache for broker so that we can access schema for query optimization",247,154,0.6111009192381726,1.685765970780035,262
41539581d72d9aafe903b0cdb492c14738ee5605,2020-08-05 19:27:45-07:00,2020-08-05 19:27:45-07:00,pinot-controller/src/main/java/org/apache/pinot/controller/helix/core/PinotHelixResourceManager.java,2469,2469,"Enhancing the segment replacement api (#5782)

* Enhancing the segment replacement api

1. Chekcing ONLINE state from the EV when updating
   the segment lineage.
2. Trigger the routing table rebuild to brokers when
   updating the segment lineage.

* Addressing comments",253,159,0.6148133329486396,1.694736625273555,272
6640affe5b2ac6bc0a972c7a9e291c1d5189effb,2020-09-03 16:23:57-07:00,2020-09-03 16:23:57-07:00,pinot-controller/src/main/java/org/apache/pinot/controller/helix/core/PinotHelixResourceManager.java,2488,2488,Instance API to directly updateTags (#5902),254,160,0.6147125397790268,1.6941428120648792,275
e0ed179c249a4affbbf0491e4140d1c9fd5e9b20,2020-09-10 14:32:31-07:00,2020-09-10 14:32:31-07:00,pinot-controller/src/main/java/org/apache/pinot/controller/helix/core/PinotHelixResourceManager.java,2525,2525,Validate timeColumnName when adding/updating schema/tableConfig (#5966),256,162,0.6153240724250688,1.6952433365752095,283
83598ceca137da00087f728338d1de5fc96ced9d,2020-09-13 11:34:54-07:00,2020-09-13 11:34:54-07:00,pinot-controller/src/main/java/org/apache/pinot/controller/helix/core/PinotHelixResourceManager.java,2534,2534,"Zookeeper put api (#5949)

* Adding api to edit ZK path

* Adding delete api

* Addressing comments",258,164,0.6150334010020042,1.6937814291537816,283
d9aec1735ea3a7f6962c3fb4c069aaac912439f8,2020-09-17 18:36:07-07:00,2020-09-17 18:36:07-07:00,pinot-controller/src/main/java/org/apache/pinot/controller/helix/core/PinotHelixResourceManager.java,2533,2533,"Improve the realtime time creation unit test (#6032)

1. Added the precondition check for time interval from segment metadata
2. Added the unit test to check the case when the invalid time column name
   is configured in the table config",258,164,0.6150334010020041,1.6937814251178764,283
f4d96306fe99f6f6b4c9478b6cdf7bfa797cdb4d,2020-09-30 09:35:56-07:00,2020-09-30 09:35:56-07:00,pinot-controller/src/main/java/org/apache/pinot/controller/helix/core/PinotHelixResourceManager.java,2543,2543,"Refresh the routing when realtime segment is committed (#6078)

Related to issue #6029 
When a consuming realtime segment is committed, it will refresh the segment ZK metadata (the partition metadata can change when the stream partition does not match the table config). The broker needs to refresh the routing for this segment in order to pick up the change in the segment ZK metadata.

This PR utilizes the `SegmentRefreshMessage` Helix message to refresh the broker routing when consuming realtime segment is committed.
Also add more tests in `SegmentPartitionLLCRealtimeClusterIntegrationTest` to verify the behavior.
With this change, when the stream partition changes for a partitioned table (which should be very rare), the result won't be accurate when the consuming segment contains records from multiple partitions, but will auto-recover when the segment is committed and the correct partition metadata is persisted to the segment ZK metadata.",259,164,0.614895678559015,1.6934152874350747,285
9929dad2e804f525b8ace925e859e07c6fdee9da,2020-10-02 09:41:55-07:00,2020-10-02 09:41:55-07:00,pinot-controller/src/main/java/org/apache/pinot/controller/helix/core/PinotHelixResourceManager.java,2549,2549,"Adding more table config validation (#6073)

Adding more table config validation (retention, pushType and tenant)
Fixing bug where retention manager does not work for real-time tables if the pushType is missing.",259,164,0.6148400190072739,1.6932747961235481,286
24147dd5b7dc188e01af283bd0d025a6cec3527b,2020-10-05 17:07:53-07:00,2020-10-05 17:07:53-07:00,pinot-controller/src/main/java/org/apache/pinot/controller/helix/core/PinotHelixResourceManager.java,2549,2549,"[Issue 6068] Fixing the calls to Helix to throw exception if zk conne… (#6069)

* [Issue 6068] Fixing the calls to Helix to throw exception if zk connection is broken

See Issue #6068

* Update zk metadata APIs to use timeout zk timeout

These APIs will ensure that if there is a zk disconnect
we will get an exception after a minimal number of retries.
We can change this to retry once and implement a backoff retry
if needed later on.

Note that the underlying helix library ends up calling the previous
API (as yet), but we will upgrade to a helix version soon that actually
implements these

* Fixing a unit test mock call

* Updating more calls to getChildren",259,164,0.6148075599500323,1.6931809277788872,286
33be20770f68604714c47fd0b5d4bffa92422ebf,2020-10-13 13:12:28-07:00,2020-10-14 01:42:28+05:30,pinot-controller/src/main/java/org/apache/pinot/controller/helix/core/PinotHelixResourceManager.java,2558,2558,"Change Signature of Broker API in Controller (#6119)

* Add code for v2 broker api

* Change v1 methods to use v2 signature

* Refactor: Change class name from ControllerBrokerResponse to InstanceInfo

* Refactor: Remove unused constant and reuse functions

* Refactor: Remove class name from the methods called from same class

Co-authored-by: Kartik Khare <kharekartik@Kartiks-MacBook-Pro.local>",261,166,0.614993783635769,1.6931355616641597,286
5577e87e35ea64307d728a136295bfa26ac99203,2020-10-23 12:23:51-07:00,2020-10-23 12:23:51-07:00,pinot-controller/src/main/java/org/apache/pinot/controller/helix/core/PinotHelixResourceManager.java,2569,2569,"Add table level lock for segment upload (#6165)

* Add table level lock for segment upload

* Address comments

* Using random delay policy

* update random policy",263,169,0.617018397269491,1.6979856008210852,287
9eaea998fc74d4b66f5dc9ea6c2de9b8f758aae5,2020-11-17 20:02:47-08:00,2020-11-17 20:02:47-08:00,pinot-controller/src/main/java/org/apache/pinot/controller/helix/core/PinotHelixResourceManager.java,2569,2569,Add stream and batch to ingestionConfig (#6247),263,169,0.61699842014019,1.6979463955038303,287
4a6e0945e2442fdb630dbe9a1d687a8906484f87,2020-11-20 14:07:43-08:00,2020-11-21 00:07:43+02:00,pinot-controller/src/main/java/org/apache/pinot/controller/helix/core/PinotHelixResourceManager.java,2585,2585,"add api for cluster manager to get table state (#6211)

* api for checking table state [enabled/disabled]",265,170,0.6175791483998271,1.699326836745743,289
41a3fc4f7639c879a2c76e9c1e29efeaeac6e58e,2020-12-07 10:20:15-08:00,2020-12-07 10:20:15-08:00,pinot-controller/src/main/java/org/apache/pinot/controller/helix/core/PinotHelixResourceManager.java,2603,2603,"API to get status of consumption of a table (#6322)

API to get status of consumption of a table. This includes 1. consumer status 2. partition to offsets map 3. server name 4. last consumed timestamp, for consuming segments across all servers.",266,171,0.6175381764165193,1.698929063451312,293
75f9fd3e94b42f30e2a54ae3ee98ed340d5fae10,2020-12-10 18:18:45-08:00,2020-12-10 18:18:45-08:00,pinot-controller/src/main/java/org/apache/pinot/controller/helix/core/PinotHelixResourceManager.java,2616,2616,"Add a Controller endpoint to return table creation time (#6331)

* Add a Controller endpoint to return table creation time

* Make exception generic to catch NPE on null values of tableTypeStr

* Make the new API more generic

* Add seconds to the returned creation time

* Convert time zone to UTC",268,173,0.6184045471312752,1.7008571308308684,293
85cf696be3decb75fd8e0d9e5ec5ef0a32d8dd9b,2020-12-21 13:37:55-08:00,2020-12-21 13:37:55-08:00,pinot-controller/src/main/java/org/apache/pinot/controller/helix/core/PinotHelixResourceManager.java,2619,2619,Fixing the issue for realtime table creation with env variables in stream configs (#6373),268,173,0.6183041464331178,1.700566858615258,293
37f2e28a37df53f14daf4ce9205a71f9318dce1e,2020-12-30 13:47:40-08:00,2020-12-30 13:47:40-08:00,pinot-controller/src/main/java/org/apache/pinot/controller/helix/core/PinotHelixResourceManager.java,2774,2774,"Segment reset API (#6336)

Adding a reset API. This API will disable and then enable the segment. This API will be useful in case of resetting consumers which are stuck as reported in #6308.
* If the segment is in ERROR state, invoking this API will send state transitions first to OFFLINE, wait for EV to stabilize, and then back to ONLINE/CONSUMING.
* If segment is ONLINE/CONSUMING, invoking this API will send state transitions, first to OFFLINE, wait for EV to stabilize, and then back to ONLINE/CONSUMING.",278,175,0.6184265336325475,1.7004050658395018,329
dde3c1814f1f425a09b058c016ea0ece33cd7bf8,2021-01-22 14:01:51-08:00,2021-01-22 14:01:51-08:00,pinot-controller/src/main/java/org/apache/pinot/controller/helix/core/PinotHelixResourceManager.java,2790,2790,"TLS-support for client-pinot and pinot-internode connections (#6418)

We add support for TLS-secured connections between pinot clients, brokers, controllers, and servers:
- http unsecured, https with 1-way and 2-way TLS
- netty unsecured, 1-way and 2-way TLS
- multiple ingress ports to facilitate incremental upgrades to TLS for an existing installation.
- ingress-specific protocol and port selection
- optional custom TLS keystores and trustores

Other notable changes:
- PinotHelixResourceManager: _instanceAdminEndpointCache now tracks full endpoint URLs with protocol/scheme
- pinot-server (unsecured) netty ingress can now be disabled
- existing ZK/Helix instance property: adminPort is now optional
- added optional ZK/Helix instance property: adminHttpsPort
- added optional ZK/Helix instance property: nettyTlsPort
- added optional ""-controllerProtocol"" flag to several CLI commands
- ingestion job spec YAML now supports an optional ""tlsSpec"" to communicate with TLS-secured controllers",283,175,0.618512848570727,1.7006664349339755,332
d593478e89506800c07543cb01d10f7257f62d9e,2021-04-02 18:22:54-07:00,2021-04-02 18:22:54-07:00,pinot-controller/src/main/java/org/apache/pinot/controller/helix/core/PinotHelixResourceManager.java,2796,2796,"Block backward incompatible schema change (#6737)

Currently when uploading a backward incompatible schema, we only log a warning instead of blocking the schema update.
This PR changes the behavior to block the backward incompatible schema change.",283,175,0.6184597554299494,1.7004988602915247,331
98faf2bfac7ec69ced93eec25cf57237a911c560,2021-04-02 18:43:14-07:00,2021-04-02 18:43:14-07:00,pinot-controller/src/main/java/org/apache/pinot/controller/helix/core/PinotHelixResourceManager.java,2796,2796,"WIP: Pinot SPI refactor. (#6721)

In the first phase of Pinot SPI refactor, we introduced the plugin based architecture. This is
a continuation of the refactor. Details of the refactor can be found here:
https://docs.google.com/document/d/1urROfQZuTE8JJmW3IMCeB2i3FYoEyG1TCyPsxvSaNuw/edit?usp=sharing

In this second phase, we will mainly be focuing on the following:
- We will create pinot-segment-spi and pinot-query-spi modules that will host all the segment
  and query related interfaces.
- We will also create pinot-segment-default and pinot-query-default which will host the default (current)
  implementations of Pinot segment and query execution engine.
- These will purely be refactors and would not create any function differences. However, to clean up
  dependency issues in existing code, we may make some changes (eg create a pojo), but those also
  should not modify any functionality.

In this particular PR, we are making the folowing changes:
- Introduced pinot-segment-spi.
- Moved all segment related interaces from pinot-core to pinot-segment-spi.
- In order to clean dependency issues, we have also introduced pinot-query-api, but in this PR
  we are only moving bare minimal files needed for the pinot-segment-spi move.
- Moved tests for any POJO classes that got moved due to dependencies.

Manual changes not performed by IDE:
- Added module `pinot-segment-spi`, pinot-common pinot-core depend on it.
- ChunkCompressionType moved out of ChunkCompressionFactory class.
- StatsCollectorConfig.getPartitionFunction() now returns ParittionFunction name instead of an instantiated PartitionFunction object. This is cleaner so that StatsCollectorConfig does not to depend on ParittionFunction/Factory.
- VirtualColumnIndexContainer.getNullValueVectorReader() returns an interface NullValueVectorReader, instead of the impl.
- PUSH_FREQUENCY_HOURLY currecntly defined in CommonConstants (pinot-common). was also defined locally (TODO cleanup added) inside of NormalizedDateSegmentNameGenerator. This is a temporary
  work-around to avoid circular dependency between pinot-segment-spi pinot-common.
- Modified the JsonIndexReader.getMatchingDocIds() to take a String instead of FilterContext, to avoid pulling in
  FilterContext and other transitive dependencies into the spi module.

TODOs:
- AggregationFunctionType is being used by StarTree (transitively) so had to be temporarily pulled in.
  We need to find a better home for it.
- Clean up the PUSH_FREQUENCY_HOURLY TODO mentioned above.
  To keep the PR limited, these classes are moved into a `misc` package inside of pinot-segment-spi.",283,175,0.6184597554299494,1.7004988586961425,331
310c44e6a32309a54155c022fa1735e1457d3e27,2021-04-12 13:53:42-07:00,2021-04-12 13:53:42-07:00,pinot-controller/src/main/java/org/apache/pinot/controller/helix/core/PinotHelixResourceManager.java,2836,2836,"Enable adding new segments to a upsert-enabled realtime table  (#6567)

* Allow upload segments to Pinot realtime tables.

* Fix comments and add more unit test cases.

* Revised PR based on comments.

* Add integration test data.

* Fix the realtime data manager segment addition.

* Add license header.

* Address reviewer comments.

* Fix broken unit tests

* Fix the broken integration test.

* Address review comments.

* Address review comments.

* Address reviewer comments.

* Address Jackie's comments

* Minor style fix.

* Add realtime data ingestion to the integration tests with 5 segments loaded: 2 realtime and 3 offline.

* Address Jackie's comments.

* Add tests for realtime validation manager.

* Add an integration test resource.

* Delete wrong commit files.

* Fix an integration test which uses tablename w/o type to download segments.

* Update pinot-common/src/main/java/org/apache/pinot/common/utils/CommonConstants.java

Co-authored-by: Subbu Subramaniam <mcvsubbu@users.noreply.github.com>

* Update pinot-common/src/main/java/org/apache/pinot/common/utils/CommonConstants.java

Co-authored-by: Subbu Subramaniam <mcvsubbu@users.noreply.github.com>

* Fix based on Subbu's comments

* Remove two enums.

* Move the log line for segment refreshing case.

Co-authored-by: Subbu Subramaniam <mcvsubbu@users.noreply.github.com>",284,177,0.6189718663742502,1.701428167363764,338
f2e3446e75f1ec1d553805d03f6504f05b3e3c0e,2021-04-13 17:20:05-07:00,2021-04-13 17:20:05-07:00,pinot-controller/src/main/java/org/apache/pinot/controller/helix/core/PinotHelixResourceManager.java,2836,2836,"Pinot SPI refactor contd: Added pinot-segment-local module. (#6761)

- Added pinot-segment-local module that contains all the segment related
  implementations for the existing local Pinot segment.

- Modules that pinot-segment-local depends on:
  - pinot-spi
  - pinot-segment-spi
  - pinot-common: This is temporary and needed as a lot of common utilities
    are within pinot-common.
  - External libraries: Datasketches,TDigest, HLL, Lucene, larray.
  - For test-scope:
    - pinot-avro
    - pinot-csv
    - pinot-json
    - pinot-spi
    - pinot-yammer

- Modules dependent on pinot-segment-local:
  - pinot-core
  - pinot-server, pinot-perf: Only in test-scope

Most moves/refactors done via IDE. Manual changes listed below:
- Fix typo in Logger for RealtimeLuceneIndexReaderRefreshThread.
- Moved builder specific util methods from StarTreeUtils to StarTreeBuilderUtils.
  - `shouldRemove()`
  - `remove()`

- Made local copy of MAX_DOC_PER_CALL inside of PinotDataBitSetV2, as it is currently
  defined in DocIdSetPlanNode, but segment related code depends on it.

- Made local copy of DEFAULT_TDIGEST_COMPRESSION in PercentileTDigestValueAggregator,
  originally defined in PercentileTDigestAggregationFunction.

- Made local copy of DEFAULT_MAX_ERROR in PercentileEstValueAggregator, originally defined in
  PercentileEstAggregationFunction.

- Split QueryContextRequestUtils into two files, the new one calle RequestContextConverterUtils
  is in pinot-common, as it has utility methods related to classes in pinot-common.

- Created CustomSerDeUtils class, that has code from ObjectSerDeUtils related to ValueAggregator.
  This is again to avoid pulling in dependencies from pinot-core into pinot-segment-local.

- Removed reference of Operator in javadoc of EarlyTerminationException, as it is
  was causing reference dependency to pinot-core.

- Renamed SegmentGenerationWithNullValueTest to SegmentWithNullValueTest as it has test for segment
  generation as well as querying, and can only be housed in pinot-core atm.

- The clas RealtimeSegmentStatsHistory is ser/de using Java object ser/de, which makes moving the file
  out of its current package backward incompatible. Addressed this issue by using a custom object
  input stream that replaces the old package name with new one when deserializing.

Moves done to resolve cross dependency issues:
- Following moved to pinot-segment-local utils package:
  - IngestionUtils
  - TableConfigUtils
  - SchemaUtils
  - SegmentTestUtils: This depends on AvroSchemaUtil, added dependency on pinot-avro in test-scope.

- Following moved to pinot-common:
  - FilterContext
  - ExpressionContext
  - FunctionContext
  - Predicate

- Following moved to pinot-spi
  - ReadMode
  - CommonConstants
  - ArrayCopyUtils
  - BadQueryException moved
  - EarlyTerminationException

- Copied necessary data files in resources/data from pinot-core to pinot-segment-local.",284,177,0.6189718663742502,1.7014281643978206,338
7c8f47dcd6e262886470c613bf7d0542543a5356,2021-04-27 21:28:09-07:00,2021-04-27 21:28:09-07:00,pinot-controller/src/main/java/org/apache/pinot/controller/helix/core/PinotHelixResourceManager.java,2814,2814,"TableConfigs APIs (#6840)

Introducing new tableConfigs APIs. These serve as a way to operate on the entire Pinot config as 1 unit, consisting of Pinot schema, realtime table config and offline table config",279,172,1.6555846670812697,1.6555846727513894,338
fe322f5a7a0739d4b60f3040ade8f7e1dbbfa6f8,2021-05-19 10:55:33-07:00,2021-05-19 10:55:33-07:00,pinot-controller/src/main/java/org/apache/pinot/controller/helix/core/PinotHelixResourceManager.java,2825,2825,"Adding a new Controller API to retrieve ingestion status for realtime… (#6890)

* Adding a new Controller API to retrieve ingestion status for realtime table

* Addressing review comments

* Moving ConsumerState to CommonConstants in order to avoid dependency on server related code inside Controller code",280,173,1.6546517092665627,1.6546517145618473,340
8283d396ec8557d096e8d208a6ae58a2c39d1617,2021-06-28 17:08:05-07:00,2021-06-28 17:08:05-07:00,pinot-controller/src/main/java/org/apache/pinot/controller/helix/core/PinotHelixResourceManager.java,2823,2823,"Enhance PinotHelixResourceManager.updateInstance() to preserve custom fields (#7098)

When using rest API to update the instance config, preserve the custom fields. Some example custom fields are: fault domain, resource info etc.
Also add support to custom broker hostname in PinotQueryResource",279,173,1.6540433428534618,1.6540433455769765,340
3c033a6abd0f67e292a42ec16da7471db6da5d16,2021-07-02 15:42:44-07:00,2021-07-02 15:42:44-07:00,pinot-controller/src/main/java/org/apache/pinot/controller/helix/core/PinotHelixResourceManager.java,2800,2800,"Cleanup PinotHelixResourceManager and move the default tag handling to the starter (#7123)

- Move the default tag handling from PinotHelixResourceManager to BaseControllerStarter
- Clean up the unused config `controller.upload.onlineToOfflineTimeout`",277,169,1.65162379588358,1.6516237999814107,337
e656e1689789755e300d364f31bf7e5a1c23f4bb,2021-07-06 15:51:51-07:00,2021-07-06 15:51:51-07:00,pinot-controller/src/main/java/org/apache/pinot/controller/helix/core/PinotHelixResourceManager.java,2800,2800,"Fix custom instance id for controller/broker/minion (#7127)

- Fix `LeadControllerManager` and `ControllerLeadLocator` to properly handle the custom instance id for the controller. Currently these 2 classes assume that the Helix controller instance id is of the format `<hostname>_<port>` and the Helix participant instance id is of the format `Controller_<hostname>_<port>`.
- Enforce custom instance id for controller/broker/minion to follow the instance type prefix convention because the prefix is used to determine the instance type.
- Log warning for server custom instance id that does not follow the instance type prefix (not throwing exception for backward compatibility)",277,169,1.6517714735944102,1.6517714784618638,337
0447e74c4b4250c4ffd79ab85d42f5af309bf85c,2021-07-12 09:55:25-07:00,2021-07-12 09:55:25-07:00,pinot-controller/src/main/java/org/apache/pinot/controller/helix/core/PinotHelixResourceManager.java,2801,2801,Fix the exception message for segment reset (#7154),277,169,1.6513943468234704,1.651394347962732,337
db5dfd7c0ab452a601a5a5cc2551b8d65da856fd,2021-07-12 15:27:18-07:00,2021-07-12 15:27:18-07:00,pinot-controller/src/main/java/org/apache/pinot/controller/helix/core/PinotHelixResourceManager.java,2831,2831,"Fix race condition in MinionInstancesCleanupTask (#7122)

Co-authored-by: Jack Li(Analytics Engineering) <jlli@jlli-mn1.linkedin.biz>",278,170,1.6513701536335066,1.651370156332592,341
fe83e95aa9124ee59787c580846793ff7456eaa5,2021-07-19 22:14:55-07:00,2021-07-20 10:44:55+05:30,pinot-controller/src/main/java/org/apache/pinot/controller/helix/core/PinotHelixResourceManager.java,2832,2832,"Added a query param to /tables for getting sorted table names based on time metadata (#7142)

Adds the following query parameters
- sortType (name/creationTime/lastModifiedTime): for sorting based on name / creation time / last modified time of table
- sortAsc (true/false): sort ascending/descending order",278,170,1.6526497295440787,1.6526497323165954,342
0d96c7f5f58191a823956cc1b1a8c93914fd73b3,2021-08-05 23:59:23-07:00,2021-08-05 23:59:23-07:00,pinot-controller/src/main/java/org/apache/pinot/controller/helix/core/PinotHelixResourceManager.java,2831,2831,"Treat STRING to BOOLEAN data type change as backward compatible schema change (#7259)

Before the native BOOLEAN support, BOOLEAN data type is stored as STRING within the schema.
To keep existing schema backward compatible, when the new field spec has BOOLEAN data type and the old field spec has STRING data type, set the new field spec's data type to STRING.",279,170,1.6540899798225817,1.6540899828052702,342
52272667e51acdf082b90766673dfcb77f6f9cc0,2021-08-09 21:59:26-07:00,2021-08-09 21:59:26-07:00,pinot-controller/src/main/java/org/apache/pinot/controller/helix/core/PinotHelixResourceManager.java,2847,2847,"extend Reload rest API with option to force download segment (#7249)

Add an option to force download the segments when reloading the table",281,170,1.6544567944860873,1.6544567956659324,346
dbaf658e8dd6f177fadfa94f06dead274d52cb10,2021-08-12 16:46:42-07:00,2021-08-12 16:46:42-07:00,pinot-controller/src/main/java/org/apache/pinot/controller/helix/core/PinotHelixResourceManager.java,2840,2840,"Unify segment ZK metadata (#7255)

Currently there are 3 different classes for segment ZK metadata: `OfflineSegmentZKMetadata`, `RealtimeSegmentZKMetadata`, `LLCRealtimeSegmentZKMetadata`, and 3 different sets of APIs to read them from the ZK.
The problem with this approach:
- Need to know the type of segment before reading the ZK metadata, which is hard to use and makes common code non-sharable
- Impossible to mix different types of ZK metadata. E.g. to support segment push to LLC table

This PR unifies these 3 classes to `SegmentZKMetadata` class which is backed by the `ZNRecord` to:
- Solve the problems above
- Read fields from `ZNRecord` on demand to avoid pre-read all fields (in most cases only one or two fields are required)
- Directly write the fields back to `ZNRecord` to avoid the overhead of creating a new `ZNRecord` when persisting back the segment ZK metadata

The following keys are deprecated, backward-compatibility is maintained:
- `segment.realtime.download.url` and `segment.offline.download.url`: replaced by `segment.download.url`
- `segment.offline.push.time`: replaced by `segment.push.time`
- `segment.offline.refresh.time`: replaced by `segment.refresh.time`
- `segment.name`: use ZNRecord id instead
- `segment.table.name`: decouple segment from table
- `segment.type`: no need to differentiate",280,169,1.655205370325078,1.6552053720005395,346
5417cbb5ab371de7393b8b055d8faff277fd5041,2021-08-20 17:46:26-07:00,2021-08-20 17:46:26-07:00,pinot-controller/src/main/java/org/apache/pinot/controller/helix/core/PinotHelixResourceManager.java,2860,2860,"Delete metadata properly on table deletion (#7329)

Some of minion tasks interact with the extra metadata
including segment lineage and task specific metadata.
Those need to be clean up on table deletion.",285,169,1.6557239408715174,1.655723940094028,346
48c1fc0ece689a9354155bd06bf8ba68949926f7,2021-08-20 17:56:35-07:00,2021-08-20 17:56:35-07:00,pinot-controller/src/main/java/org/apache/pinot/controller/helix/core/PinotHelixResourceManager.java,2860,2860,"Fix TableNotFound error message in PinotHelixResourceManager.getExistingTableNamesWithType() function. (#7340)

Fix TableNotFound error message in PinotHelixResourceManager.getExistingTableNamesWithType() function",285,169,1.6556654120915566,1.6556654125420087,347
7e9ca6a5a4afe0d4e283ac1307c45430e474cbf2,2021-08-20 21:33:52-07:00,2021-08-20 21:33:52-07:00,pinot-controller/src/main/java/org/apache/pinot/controller/helix/core/PinotHelixResourceManager.java,2866,2866,Reformat code base with line length 120 (#7342),285,169,1.6557060929909897,1.655706092706266,347
bb34406aaa205f5c85b88c928d477fd267eda1b4,2021-08-21 02:02:19-07:00,2021-08-21 02:02:19-07:00,pinot-controller/src/main/java/org/apache/pinot/controller/helix/core/PinotHelixResourceManager.java,2870,2870,reformat pinot-controller (#7331),285,169,1.6556080428737185,1.6556080480211828,347
71b68900913d2382e9c72c0c93b46acd2d3de2ff,2021-08-31 13:37:41-07:00,2021-08-31 13:37:41-07:00,pinot-controller/src/main/java/org/apache/pinot/controller/helix/core/PinotHelixResourceManager.java,2885,2885,"Check schema backward-compatibility when updating schema through addSchema with override (#7374)

Currently addSchema() with override on will by-pass the backward-compatibility check, which can cause bad schema change. Fix it by adding the check when override is triggered.
Also refined the error code when schema cannot be updated.",282,170,1.6570807516394854,1.6570807568075239,348
31ca84e749722e57eeb70edec9d5d98c6bed92ae,2021-09-17 18:04:18-07:00,2021-09-18 02:04:18+01:00,pinot-controller/src/main/java/org/apache/pinot/controller/helix/core/PinotHelixResourceManager.java,2885,2885,"ban prefix increment (#7442)

* ban prefix increment

* remove all preincrements from Java source code",282,170,1.6573117040089251,1.6573117053635569,348
400056804fc1c0da73c5ec78ca3fe1a1bcab9231,2021-09-23 17:22:32-07:00,2021-09-23 17:22:32-07:00,pinot-controller/src/main/java/org/apache/pinot/controller/helix/core/PinotHelixResourceManager.java,2886,2886,"Fix race conditions between segment merge/roll-up and purge (or convertToRawIndex) tasks: (#7427)

1. Add REFRESH_ONLY header for purge and convertToRawIndex tasks, segment upload api will abort the request if the segment does not exist or is deleted before the upload request is completed.
2. Honor segment lineage for convertToRawIndexTaskGenerator",282,170,1.6575617545063805,1.6575617566001162,348
30f5490968f1c34f00f431f55a7c10a9cfe5cd9c,2021-10-01 21:50:41-07:00,2021-10-01 21:50:41-07:00,pinot-controller/src/main/java/org/apache/pinot/controller/helix/core/PinotHelixResourceManager.java,2893,2893,"1. Catch timeout exception to wait segments become online for endReplaceSegments(), so it can be retried. (#7509)

2. Make minion socket timeout for endReplaceSegments() configurable per task.",282,170,1.6573028756767345,1.6573028772606102,348
c9e27852689af762921a95e6c952b506db63f02c,2021-10-14 15:16:56-07:00,2021-10-14 15:16:56-07:00,pinot-controller/src/main/java/org/apache/pinot/controller/helix/core/PinotHelixResourceManager.java,2898,2898,"Improve get tenant API to differentiate offline and realtime tenants (#7548)

Co-authored-by: Jack Li(Analytics Engineering) <jlli@jlli-mn1.linkedin.biz>",283,171,1.6585916426160123,1.6585916449630163,348
471d16cf5d835f41293b09d991e3d279a0b9dc1d,2021-10-20 11:46:13-07:00,2021-10-20 11:46:13-07:00,pinot-controller/src/main/java/org/apache/pinot/controller/helix/core/PinotHelixResourceManager.java,2909,2909,Make dim tables creation bypass tenant validation (#7559),285,171,1.6584738707786935,1.6584738748927135,352
127f4c3b6966686ae984ba47dbd01a4432184baf,2021-10-28 11:17:55-07:00,2021-10-28 11:17:55-07:00,pinot-controller/src/main/java/org/apache/pinot/controller/helix/core/PinotHelixResourceManager.java,2977,2977,"Add select segments API (#7651)

Co-authored-by: Jack Li(Analytics Engineering) <jlli@jlli-mn1.linkedin.biz>",287,173,1.660430848116389,1.660430849795326,371
fbb9e8ede974805868fc8eaf33b46840efd54f1a,2021-10-29 15:50:29-07:00,2021-10-29 15:50:29-07:00,pinot-controller/src/main/java/org/apache/pinot/controller/helix/core/PinotHelixResourceManager.java,2999,2999,"Let the controller getTableInstance() call to return the list of live brokers of a table. (#7556)

* Let getTableInstance() call to return the list of live brokers.

* Fix lint errors.

* Fix lint errors.

* Fix unit tests

* Revise based on comments.

* Fix based on comments.

* Add a new controller end point.

* Fix linters.

* Revise based on comments

* Revise based on comments

* Revised based on comments.",288,174,1.6597507647401901,1.659750765356426,377
da98e8b117b0f992ca5bceb084dc7e60321a0164,2021-11-01 17:14:40-07:00,2021-11-01 17:14:40-07:00,pinot-controller/src/main/java/org/apache/pinot/controller/helix/core/PinotHelixResourceManager.java,3081,3081,Add revertSegmentReplacement API (#7662),295,175,1.6613333809127433,1.6613333820914964,388
570e9833314390de92d8e869699fb5101a6ea44d,2021-11-11 15:45:27-08:00,2021-11-11 15:45:27-08:00,pinot-controller/src/main/java/org/apache/pinot/controller/helix/core/PinotHelixResourceManager.java,3083,3083,"Handle null segment lineage ZNRecord for getSelectedSegments API (#7752)

Co-authored-by: Jack Li(Analytics Engineering) <jlli@jlli-mn1.linkedin.biz>",295,175,1.6617262490291154,1.661726250693865,391
e3d238ac1d8633331d9507713266e41e6b40f870,2021-11-11 18:52:49-08:00,2021-11-11 18:52:49-08:00,pinot-controller/src/main/java/org/apache/pinot/controller/helix/core/PinotHelixResourceManager.java,3118,3118,Add forceCleanup option for 'startReplaceSegments' API (#7744),300,176,1.6633241068785944,1.6633241099659555,400
098d0e77d61cdb5575715d4d2aa06f67bef670a6,2021-12-01 10:52:16-08:00,2021-12-01 10:52:16-08:00,pinot-controller/src/main/java/org/apache/pinot/controller/helix/core/PinotHelixResourceManager.java,3115,3115,Clean up deprecated ZK metadata keys and methods (#7846),300,176,1.6630889251095953,1.6630889260943997,400
a1f3c30e2ac74dd0acb67087a86d8f03b416f5b2,2022-01-03 13:41:02-08:00,2022-01-03 13:41:02-08:00,pinot-controller/src/main/java/org/apache/pinot/controller/helix/core/PinotHelixResourceManager.java,3129,3129,"Add parameter to list segments which can be queried (#7878)

Co-authored-by: Jack Li(Analytics Engineering) <jlli@jlli-mn1.linkedin.biz>",301,177,1.6639197283237173,1.6639197338710865,401
7603a4f79a51de7095f79f4a6e546906d29744bb,2022-01-12 09:05:25-08:00,2022-01-12 09:05:25-08:00,pinot-controller/src/main/java/org/apache/pinot/controller/helix/core/PinotHelixResourceManager.java,3129,3129,"PinotConfigProvider interface (#7984)

Adding a PinotConfigProvider interface, to get TableConfig and Schema, and allow listeners to register and get notified of changes.
We already have an implementation of this in the form of TableCache in pinot-common. However, this impl cannot be used as is in our plugins, since plugins do not take the dependency on pinot-common. Accessing configs is a very common operation in plugins (e.g. minion plugins do this frequently).
Adding this interface will help us use this in our plugins and keep the dependency clean.

Adding the Listeners to the ConfigProvider, because

we can eliminate the need for restart/API invocation in case of certain operations like reload.
it's in general a good API to have on a ConfigProvider",301,177,1.6639197283237173,1.663919730638143,401
22d583c0933e4a59bb6ec19eb6eecf53e9ac5c6d,2022-01-13 11:05:30-08:00,2022-01-13 11:05:30-08:00,pinot-controller/src/main/java/org/apache/pinot/controller/helix/core/PinotHelixResourceManager.java,3166,3166,"Improving segment replacement/revert protocol (#7995)

1. Add retention for original segments for REFRESH table after
   the replacement protocol is successfully done. For now, we
   use 24 hrs retention. We keep the original data for 24 hours
   so that the user can revert back to the original segments
   using revertReplaceSegments API.
2. Add the proactive clean-up in startReplaceSegment so that we
   do not keep too much data snapshots for REFRESH table. For
   now, we allow to keep at most 2 snapshots.
3. Added unit tests.",302,177,1.6635631141360712,1.6635631173120868,406
1d1a7d34709b6a89985a610f46dd1c97d6c9271a,2022-01-14 12:39:57-08:00,2022-01-14 12:39:57-08:00,pinot-controller/src/main/java/org/apache/pinot/controller/helix/core/PinotHelixResourceManager.java,3166,3166,"Cleanup: Remove remaining occurrences of `incubator`. (#8023)

Removed occurrences of `incubator` from the code base.
- Was mostly used in GH links to Pinot landing page, or issues, etc.
- This links were still working today as `incubator-pinot` gets redirected to `pinot`.",302,177,1.6634634442569796,1.6634634506772776,406
4d10e03ee21e08c93f1ca0bb74566e9712824b54,2022-01-27 14:27:19-08:00,2022-01-27 14:27:19-08:00,pinot-controller/src/main/java/org/apache/pinot/controller/helix/core/PinotHelixResourceManager.java,3173,3173,"Improve the proactive segment clean-up for REVERTED (#8071)

Current code did not handle the proactive clean-up correctly
for lineage entries with REVERTED state.

- Added the proactive clean-up for 'segmentsTo' for REVERTED
  during the startSegmentReplacement API call.
- Added the proactive clean-up for 'segmentsTo' during the
  revertSegmentReplacement API call.
- Added unit test.",302,177,1.6634634439415648,1.6634634500589038,406
dd73ee7de1d8e8439e71b34d24627db48e06990e,2022-01-28 12:45:04-08:00,2022-01-28 12:45:04-08:00,pinot-controller/src/main/java/org/apache/pinot/controller/helix/core/PinotHelixResourceManager.java,3177,3177,add logic to instant delete segment (#8077),302,178,1.6671626349590232,1.6671626398309096,406
5f813c92dffe7ca0d451a9775b235c242ecf3a0e,2022-02-03 13:18:32-08:00,2022-02-03 13:18:32-08:00,pinot-controller/src/main/java/org/apache/pinot/controller/helix/core/PinotHelixResourceManager.java,3209,3209,"Extend enableParallePushProtection support in UploadSegment API (#8110)

* Extend enableParallePushProtection support in UploadSegment API

The current implementation doesn't protect against concurrent
UploadSegment calls for a non-existing segment.

The existing implementation of ProcessNewSegment is as follows:
1. Move segment to permanent directory
2. Set SegmentZkMetadata
3. AssignTableSegments
4. Update customZkMetadata map

Assume there are two concurrent uploadSegment calls for the same
non-existing segment:
1. Calls C1 and C2 will try to move to permanent directory. There
   could be a race here and either C1 or C2 can win. Additionally,
   move() implementation in PinotFS is not atomic.
2. Now, only one of C1 and C2 can set SegmentZkMetadata. This is
   because updates to Zk are made atomic with expectedVersion. But
   there is no guarantee that the call that succeeded to move the
   segment to permanent location sets the Zk metadata.

To fix this issue, enableParallelPushProtection can be extended
to protect against concurrent calls when uploading non-existent
segments as well.

Made the following changes:
1. Added locking to ProcessNewSegment codepath if
   enableParallelPushProtection is enabled.
2. Reordered code so that ""MoveSegmentToFinalLocation"",
   AssignTableSegments, customZkMetadata map update is done within
   the lock.
3. Enhanced exception handling to clean up segmentZkMetadata and stale
   segments in permanent directory.

Testing:
1. Unit test verifying that lock is released after upload when
   enableParallelPushProtection=true for non-existing segments.
2. Unit test verifying that segmentZkMetadata is cleaned up if
   exception is raised.
3. Integration test uploading concurrent segments with the same
   name.

* Address review comment

- Removed unnecessary variable for expectedVersionNumber.

Co-authored-by: Vivek Iyer Vaidyanathan <vvaidyan@vvaidyan-mn1.linkedin.biz>",309,180,1.6671342087327137,1.6671342119541401,408
9479c01732cb77c0b06422aec43ef3a79c9db4dc,2022-02-04 16:02:21-08:00,2022-02-04 16:02:21-08:00,pinot-controller/src/main/java/org/apache/pinot/controller/helix/core/PinotHelixResourceManager.java,3210,3210,fix check before creating a table (#8103),310,180,1.6672595831418957,1.6672595829513759,409
5ac0daf06d3bf6ebedd45cd2d315b46831caa777,2022-02-07 11:18:14-08:00,2022-02-08 00:48:14+05:30,pinot-controller/src/main/java/org/apache/pinot/controller/helix/core/PinotHelixResourceManager.java,3210,3210,"Add allowRefresh option to UploadSegment (#8125)

* Add overwriteIfExists option to UploadSegment

Currently, when a segment is uploaded, we always overwrite if a
segment with the same name already exists. Having an overwrite
parameter in the UploadSegment API will give clients finer
control during uploading segments.

Note that the default option is set to true to retain existing
behavior.

* Address minor review comments from PR #8110

- Improve description for a method.
- Add message when exception is thrown.

* Rename overwriteIfExists to allowRefresh

Co-authored-by: Vivek Iyer Vaidyanathan <vvaidyan@vvaidyan-mn1.linkedin.biz>",310,180,1.6672595831418957,1.6672595823128822,409
6f4a50d22ad34b2ccb2562c9b98c2ab202ab9ddb,2022-02-09 10:47:20-08:00,2022-02-09 10:47:20-08:00,pinot-controller/src/main/java/org/apache/pinot/controller/helix/core/PinotHelixResourceManager.java,3214,3214,"Check if participantHistory is null in isInstanceOfflineFor method (#8175)

Co-authored-by: Jack Li(Analytics Engineering) <jlli@jlli-mn1.linkedin.biz>",310,180,1.667477138007402,1.6674771394892711,411
fb572bd0aba20d2b8a83320df6dd24cb0c654b30,2022-02-10 18:33:21-08:00,2022-02-10 18:33:21-08:00,pinot-controller/src/main/java/org/apache/pinot/controller/helix/core/PinotHelixResourceManager.java,3233,3233,"Enhance revertReplaceSegments api so reverting entry1 in the following example is not allowed: (#8166)

entry1: {Seg_0 -> Seg1, COMPLETED}
entry2: {Seg_1 -> Seg2, COMPLETED/IN_PROGRESS}",311,180,1.6678459766827878,1.6678459785321966,416
287f55212d012b18803bfb365ba7d4ee501f6acb,2022-02-18 11:38:00-08:00,2022-02-18 11:38:00-08:00,pinot-controller/src/main/java/org/apache/pinot/controller/helix/core/PinotHelixResourceManager.java,3234,3234,"add retention period to deleted segment files and allow table level o… (#8176)

Add support to control segment retention period on a per-table basis.",311,180,1.6672751438258653,1.6672751444180482,416
4f17ede26c3a5c92dea5106654e685a2a411287d,2022-02-20 12:31:59-08:00,2022-02-20 12:31:59-08:00,pinot-controller/src/main/java/org/apache/pinot/controller/helix/core/PinotHelixResourceManager.java,3246,3246,"adding retention period to segment delete REST API (#8122)

Add deletion with retention period overwrite for segment deletion",312,181,1.6693612668102202,1.6693612685165842,419
9536aa538df4bed07e65d28c655118e1db665df9,2022-02-24 08:25:26-08:00,2022-02-24 21:55:26+05:30,pinot-controller/src/main/java/org/apache/pinot/controller/helix/core/PinotHelixResourceManager.java,3283,3283,"Add Support for Getting Live Brokers for a Table (without type suffix) (#8188)

* Add Support for Getting Live Brokers for a Table (without type suffix)

* Fix formatting

* Address feedback; merge changes with existing API

* Reformat using pinot style

* Address feedback.. test on local

* Address feedback

* Reformat files

* Fix comment",313,182,1.6696238712408027,1.6696238691008352,427
27d690dfd7d4f872a095c3376ecf1edbabee8c16,2022-02-24 11:50:19-08:00,2022-02-24 11:50:19-08:00,pinot-controller/src/main/java/org/apache/pinot/controller/helix/core/PinotHelixResourceManager.java,3283,3283,"allow skip proactive cleaning segment lineages (#8240)

Also refine the logic for lineage cleanup",313,182,1.6696238710759148,1.6696238707436557,427
90b54928a13f6edc0e19e2239b7b0200b720e80c,2022-02-28 11:36:57-08:00,2022-02-28 11:36:57-08:00,pinot-controller/src/main/java/org/apache/pinot/controller/helix/core/PinotHelixResourceManager.java,3389,3389,"Automatically update broker resource on broker changes (#8249)

- Add a boolean flag `updateBrokerResource` to create/update instance rest APIs to automatically update the broker resource when enabled (disabled by default to keep the current behavior because updating broker resource can be costly for large cluster)
- Add a rest API to update the broker resource for a specified broker
- For single-tenant cluster, when broker joins the cluster for the first time as `DefaultTenant`, automatically update the broker resource so that it can build the routing tables properly.",321,183,1.6669247364164523,1.6669247372470068,443
8bde29eab89c92d0ee50338e6134c8d183c6b478,2022-03-08 15:21:41-08:00,2022-03-08 15:21:41-08:00,pinot-controller/src/main/java/org/apache/pinot/controller/helix/core/PinotHelixResourceManager.java,3394,3394,"adding a get children API for ZookeeperResource (#8305)

It is not efficient to run `/zk/ls` then `/zk/get` for each of the ZNRecord inside a folder. 
Since helix accessor already supports getChildren. This PR enables it via Pinot controller's ZookeeperResource by adding a `zk/getChildren` API.",322,184,1.6673238400192352,1.667323840036045,443
e02bdda1501abb82e2efbc27674a74a6fb5519b5,2022-03-25 13:59:04-07:00,2022-03-25 21:59:04+01:00,pinot-controller/src/main/java/org/apache/pinot/controller/helix/core/PinotHelixResourceManager.java,3418,3418,New Pinot byte metrics for compressed tar.gz and table size w/o replicas (#8358),325,185,1.6684808060704568,1.6684808073387822,445
51904fb99e4368c430503b2bf0eb5c42ce5663d1,2022-03-30 22:24:51-07:00,2022-03-30 22:24:51-07:00,pinot-controller/src/main/java/org/apache/pinot/controller/helix/core/PinotHelixResourceManager.java,3466,3466,"Remove the tableDataManager deletion mechanism when the number of segments drops to 0 to avoid race conditions. (#8422)

Add TableDeletionMessage, the tableDataManager can only be removed upon receiving the TableDeletionMessage when the table is dropped.",329,186,1.6694350274134409,1.6694350276229286,450
a2f63921f0fc3b29ef90cbd37b713a8a3715cc1c,2022-04-13 12:21:42-07:00,2022-04-13 12:21:42-07:00,pinot-controller/src/main/java/org/apache/pinot/controller/helix/core/PinotHelixResourceManager.java,3483,3483,"Fix table creation bug for invalid realtime consumer props (#8509)

- Add clearer exception message if a table config is already found for the table being created
- Cleanup table + associated metadata if the table setup fails",330,186,1.6694952313602278,1.669495232944382,450
d6001a258afb574159701db7f8443eb5466d352d,2022-04-25 10:35:19-07:00,2022-04-25 10:35:19-07:00,pinot-controller/src/main/java/org/apache/pinot/controller/helix/core/PinotHelixResourceManager.java,3483,3483,"Minimize data movement between instances in pools (#8483)

* Minimize data movement between instances in pools

* Reuse InstanceReplicaGroupPartitionSelector

* Update pinot-controller/src/main/java/org/apache/pinot/controller/helix/core/assignment/instance/InstanceReplicaGroupPartitionSelector.java

Co-authored-by: Xiaotian (Jackie) Jiang <17555551+Jackie-Jiang@users.noreply.github.com>

Co-authored-by: Jack Li(Analytics Engineering) <jlli@jlli-mn1.linkedin.biz>
Co-authored-by: Xiaotian (Jackie) Jiang <17555551+Jackie-Jiang@users.noreply.github.com>",330,186,1.6694535550222904,1.66945355602441,450
7ab421d25510632947f90b8bcd8cedf16c72bf23,2022-04-27 13:06:41-07:00,2022-04-27 13:06:41-07:00,pinot-controller/src/main/java/org/apache/pinot/controller/helix/core/PinotHelixResourceManager.java,3487,3487,Make endReplaceSegments() idempotent. (#8599),330,186,1.669369939584853,1.6693699369001416,453
01dda9ddfa2dab4ad71f953855b960f1b890cc6c,2022-05-03 12:00:05-07:00,2022-05-04 00:30:05+05:30,pinot-controller/src/main/java/org/apache/pinot/controller/helix/core/PinotHelixResourceManager.java,3523,3523,"pinot-java-client controller based broker selector (#8467)

Add support for getting broker data using controller APIs, in the pinot-java-client. This will help in removing ZKClient dependency in the client",333,187,1.6686318847137418,1.6686318846435926,460
9bc1e059fb5974a8c49523d4e9be1bd47bd88181,2022-05-04 13:43:30-07:00,2022-05-04 13:43:30-07:00,pinot-controller/src/main/java/org/apache/pinot/controller/helix/core/PinotHelixResourceManager.java,3525,3525,Allow rerunning startReplaceSegment with the same segmentsTo if the previous protocol fails in the middle (lineage entry in IN_PROGRESS status). (#8639),333,187,1.6686456669611824,1.6686456667347318,461
328c0c23ec2b0a10302a476dfeba2fd5f7a69ac6,2022-05-05 22:57:15-07:00,2022-05-06 13:57:15+08:00,pinot-controller/src/main/java/org/apache/pinot/controller/helix/core/PinotHelixResourceManager.java,3579,3579,"Access Control management Development (#8314) (#8314)

Co-authored-by: xuejyu <xuejyu@cisco.com>",338,192,1.667021712834443,1.6670217108806102,463
a7e2c12c993fbf3496e6bd89e8cc8848649ab6ec,2022-05-11 10:08:55-07:00,2022-05-11 10:08:55-07:00,pinot-controller/src/main/java/org/apache/pinot/controller/helix/core/PinotHelixResourceManager.java,3580,3580,Add InstanceTypeUtils to get instance type from the id (#8681),338,192,1.6668366434297193,1.6668366417566052,463
b58650658c0aac258e1c7932073188ddc5590d89,2022-05-11 11:14:58-07:00,2022-05-11 11:14:58-07:00,pinot-controller/src/main/java/org/apache/pinot/controller/helix/core/PinotHelixResourceManager.java,3539,3539,"Allow updating start/end offset for pushed segments (#8653)

- Support updating start/end offset in the segment ZK metadata for pushed segments if provided in the segment metadata
- Refactor the updating segment ZK metadata logic to have consistent behavior for adding new segment and refreshing existing segment",334,190,1.6632172050253036,1.6632172037489437,461
f9e55ce7a60fcdfb0fee688059d50af6b6cd112d,2022-05-11 23:18:40-07:00,2022-05-11 23:18:40-07:00,pinot-controller/src/main/java/org/apache/pinot/controller/helix/core/PinotHelixResourceManager.java,3570,3570,Handle the race condition for common dest segments in startReplaceSegments(). (#8667),336,191,1.6639287675538088,1.6639287645322967,465
159afb7820c30f5eadd75a973ccdc1d99f4e2539,2022-05-16 11:14:34-07:00,2022-05-16 11:14:34-07:00,pinot-controller/src/main/java/org/apache/pinot/controller/helix/core/PinotHelixResourceManager.java,3558,3558,"Cleanup segment upload logic and allow validation on real-time table (#8695)

- Cleanup the segment upload logic and add more checks on the parameters
- Refactor the segment validator to a util class to make it work on both metadata push and real-time table
- Refine the return code documentation of the segment upload API",335,190,1.6628533067685591,1.6628533033489714,465
b8af790c2f26b5bafcc8f154e1dae2edc60b43c0,2022-05-16 18:48:40-07:00,2022-05-16 18:48:40-07:00,pinot-controller/src/main/java/org/apache/pinot/controller/helix/core/PinotHelixResourceManager.java,3576,3576,Enable uploading segments to realtime tables (#8584),336,191,1.662116241399029,1.6621162391565447,472
047daadd237ccf7268a3e980e6f7d938aec1a98e,2022-05-21 07:46:05+01:00,2022-05-21 07:46:05+01:00,pinot-controller/src/main/java/org/apache/pinot/controller/helix/core/PinotHelixResourceManager.java,3591,3591,"Indexes on segment page (#8749)

* Show indexes on segment page

* Slightly more efficient way to get the full metadata for a segment

* lint

* default list to empty",338,192,1.661633024988797,1.661633022486857,474
c7e835f9613d7bcc94c5e68c180dfb225b5acc1b,2022-05-24 10:02:36-07:00,2022-05-24 22:32:36+05:30,pinot-controller/src/main/java/org/apache/pinot/controller/helix/core/PinotHelixResourceManager.java,3629,3629,Realtime table consumption resume API (#8663),343,194,1.6633867690442856,1.6633867691794717,475
ae392432c41956b20a20c76d3fb81f1b68213716,2022-06-01 10:31:33-07:00,2022-06-01 10:31:33-07:00,pinot-controller/src/main/java/org/apache/pinot/controller/helix/core/PinotHelixResourceManager.java,3626,3626,"Allow table name with dots by a PinotConfiguration switch (#8713)

- Added `pinot.table.name.dots.enabled` config to Controllers and Brokers to allow table name with dots.
- Extract column name from queries like ""SELECT db.namespace.table.column_name"" properly",343,194,1.6639598884485964,1.6639598851777517,475
40848084e8a1730a42d6a0ce970bb1140dde1f95,2022-06-18 16:18:32-07:00,2022-06-18 16:18:32-07:00,pinot-controller/src/main/java/org/apache/pinot/controller/helix/core/PinotHelixResourceManager.java,3628,3628,Remove disabled partitions when instance starts (#8920),343,194,1.6640759945385146,1.6640759933258846,475
12dd211dda3ec360914fc51acd4763b8a6b17641,2022-06-21 14:06:56-07:00,2022-06-21 14:06:56-07:00,pinot-controller/src/main/java/org/apache/pinot/controller/helix/core/PinotHelixResourceManager.java,3647,3647,Wait segment deletion in startReplaceSegment api to make sure there will be at most 2 data snapshots. (#8838),344,197,1.668858585638894,1.6688585824027498,478
7eec296f3625d276c9dee0be6fe44930d7e668f3,2022-07-13 11:34:34-07:00,2022-07-13 11:34:34-07:00,pinot-controller/src/main/java/org/apache/pinot/controller/helix/core/PinotHelixResourceManager.java,3656,3656,Add Segment Lineage List API #9005 (#9006),345,198,1.6687728835437377,1.668772881370801,478
6903856d399b4d7b09548a75a888382e1659e9e3,2022-07-20 15:49:38-07:00,2022-07-20 15:49:38-07:00,pinot-controller/src/main/java/org/apache/pinot/controller/helix/core/PinotHelixResourceManager.java,3656,3656,Support pause/resume consumption of realtime tables (#8986),345,198,1.6695556153986275,1.6695556138722347,478
989df641b7d29e18773a668663b0be894835d24f,2022-07-21 13:16:08-07:00,2022-07-21 13:16:08-07:00,pinot-controller/src/main/java/org/apache/pinot/controller/helix/core/PinotHelixResourceManager.java,3667,3667,"Upgrade Helix to 1.0.4 (#8325)

Co-authored-by: Jack Li(Analytics Engineering) <jlli@jlli-mn1.linkedin.biz>",345,198,1.6697804301777242,1.669780427125071,478
463bf976ad6a7bdf0b994b7d112c08bdb7b541d6,2022-07-22 10:51:24-07:00,2022-07-22 23:21:24+05:30,pinot-controller/src/main/java/org/apache/pinot/controller/helix/core/PinotHelixResourceManager.java,3674,3674,Task genrator debug api (#9058),346,199,1.6689025170887837,1.668902514800469,478
e2b54e586b973064a822cb8330f7b56578d4f8a7,2022-07-27 17:13:46-07:00,2022-07-27 17:13:46-07:00,pinot-controller/src/main/java/org/apache/pinot/controller/helix/core/PinotHelixResourceManager.java,3670,3670,Optimize PinotHelixResourceManager.getServerToSegmentsMap() and getServers() (#9118),343,199,1.6681576923285684,1.668157688169277,479
3d2b6f3429957e47c3de1764b9f87743a0770ce5,2022-08-02 10:19:18-07:00,2022-08-02 22:49:18+05:30,pinot-controller/src/main/java/org/apache/pinot/controller/helix/core/PinotHelixResourceManager.java,3778,3778,"Add controller API for reload segment task status (#8828)

This PR adds a controller API that can be used to get the current status of a 'reload segments' task. When a segment reload task is submitted, an identifier will be returned, and the task details will be stored into ZK. Users can then call the newly added API with the task ID, to get the status details of the reload task.
Another API has been added to get all historical reload task ids.",349,204,1.6690630435084686,1.669063040996064,485
2eadde49533d6f07229ea94cad6ebda1fd30795d,2022-08-03 17:51:40-07:00,2022-08-03 17:51:40-07:00,pinot-controller/src/main/java/org/apache/pinot/controller/helix/core/PinotHelixResourceManager.java,3793,3793,"adding API for retention period on table rest resource (#9148)

* adding API for retention period on table rest resource

* address PR comments

Co-authored-by: Rong Rong <rongr@startree.ai>",353,206,1.6704642998243264,1.6704643001564021,487
54d2813c00093e1baada9f7c8627c9360f133328,2022-08-10 17:28:16-07:00,2022-08-11 05:58:16+05:30,pinot-controller/src/main/java/org/apache/pinot/controller/helix/core/PinotHelixResourceManager.java,3805,3805,[colocated-join] Adds Support for instancePartitionsMap in Table Config (#8989),353,206,1.670463417653025,1.670463420474379,489
6fddffe66d587f45deefaf817ea1d6be45220e02,2022-08-16 13:30:41-07:00,2022-08-16 13:30:41-07:00,pinot-controller/src/main/java/org/apache/pinot/controller/helix/core/PinotHelixResourceManager.java,3807,3807,"make reset table async (#9203)

* make reset table async
* change to use external view resync to check status

Co-authored-by: Rong Rong <rongr@startree.ai>",361,208,1.672339538995202,1.6723395387047737,485
3a655d2d0e86cf208a1d84e4d7c776fa093dbb2a,2022-08-17 11:29:46-07:00,2022-08-17 11:29:46-07:00,pinot-controller/src/main/java/org/apache/pinot/controller/helix/core/PinotHelixResourceManager.java,3785,3785,support to show running queries and cancel query by id (#9171),357,208,1.6724558568575192,1.6724558563274112,481
cf13b24b9c8086a3c4ddcf1357814f535042afb5,2022-09-07 16:54:19-07:00,2022-09-07 16:54:19-07:00,pinot-controller/src/main/java/org/apache/pinot/controller/helix/core/PinotHelixResourceManager.java,3778,3778,"delete all related minion task metadata when deleting a table (#9339)

* delete table related minion task metadata when deleting table

* fix formating issue

* update log message

* enrich test cases

* add a TODO",356,208,1.672455856686179,1.6724558576294586,481
2bb224cdd2c70ded78c6b8d400ad237d9353ac5e,2022-09-15 18:25:21-07:00,2022-09-15 18:25:21-07:00,pinot-controller/src/main/java/org/apache/pinot/controller/helix/core/PinotHelixResourceManager.java,3783,3783,[Bugfix] schema update bug fix (#9382),356,208,1.6727776713723157,1.6727776712296176,483
353774faaf4afbdc79e8edcfa5d200ba2dac36bd,2022-09-19 13:15:07-07:00,2022-09-20 01:45:07+05:30,pinot-controller/src/main/java/org/apache/pinot/controller/helix/core/PinotHelixResourceManager.java,3784,3784,Fix thread safety issues with SDF (#9425),356,208,1.6727379949914327,1.6727379940173308,483
65f1f22c5d2995fd9eb0b73951dc4769d3d8c919,2022-09-21 11:48:49-07:00,2022-09-21 11:48:49-07:00,pinot-controller/src/main/java/org/apache/pinot/controller/helix/core/PinotHelixResourceManager.java,3784,3784,"Adaptive Server Selection (#9311)

* Implementation for AdaptiveServerSelection feature

* Add tests for Adaptive Server Selection feature

* Fix flaky unit test

* Address review comments

* Fix test and indentation.",356,208,1.6727416290457395,1.6727416293161885,483
7af0d20aaa9e8ec7ad652a0209457cd226a2b0f0,2022-09-21 16:44:35-07:00,2022-09-21 16:44:35-07:00,pinot-controller/src/main/java/org/apache/pinot/controller/helix/core/PinotHelixResourceManager.java,3789,3789,"use MinionEventObserver to track finer grained task progress status on worker (#9432)

* use MinionEventObserver to track finer grained task progress status in memory

* UTs and refine

* cr and more UTs",357,209,1.6719850422085178,1.6719850427184686,483
7b4ef53e3619651a434afefdc7477985cbb52952,2022-09-26 13:28:54-07:00,2022-09-26 13:28:54-07:00,pinot-controller/src/main/java/org/apache/pinot/controller/helix/core/PinotHelixResourceManager.java,3789,3789,Adaptive Server Selection: address review comments (#9462),357,209,1.671981324567789,1.671981323669328,483
d2619c1613e143ba4ab81aecb2f2fef3f5dd6539,2022-09-29 17:25:53+05:30,2022-09-29 17:25:53+05:30,pinot-controller/src/main/java/org/apache/pinot/controller/helix/core/PinotHelixResourceManager.java,3806,3806,"Add a new API to fix segment date time in metadata (#9413)

* Add API to handle change in timestamp format

* Fix linting

* Add support for storing raw segment start and end time in metadata

* Do not store start end time in segment metadata seperately

* remove refresh flag

* Store new start/end time with proper time unit

* Move the API to segment resource

* Fix test failure

* Add test

* Cleanup: Remove duplicate methods

* Store start/end time in milliseconds in zookeeper

* Refactor: change method names and reduce scope of exceptions

* Remove redundant timeunit conversion

* Throw user errors and check for time column

* Fix Segment tests

Co-authored-by: Kartik Khare <kharekartik@Kartiks-MacBook-Pro.local>",360,211,1.6737290331276684,1.6737290322292526,484
d18d41b7449106fca39ad95c786c160192a6612a,2022-10-04 11:19:56-07:00,2022-10-04 11:19:56-07:00,pinot-controller/src/main/java/org/apache/pinot/controller/helix/core/PinotHelixResourceManager.java,3807,3807,Optimize PinotHelixResourceManager.hasTable() (#9526),360,211,1.6725192308476244,1.6725192335075905,484
273e1de43036bdb780c945c0cbe5fc6d6c0b8149,2022-10-20 12:12:52-07:00,2022-10-20 12:12:52-07:00,pinot-controller/src/main/java/org/apache/pinot/controller/helix/core/PinotHelixResourceManager.java,3811,3811,Fix reloading segment when the previous upload failed (#9631),361,212,1.6714438927106259,1.6714438907639209,484
5539eb67b69606b63335a24d267e0bdb8399be0b,2022-10-25 12:08:35-07:00,2022-10-25 12:08:35-07:00,pinot-controller/src/main/java/org/apache/pinot/controller/helix/core/PinotHelixResourceManager.java,3812,3812,notify servers that need to move segments to new tiers via SegmentReloadMessage (#9624),361,212,1.6715128985809162,1.6715129010134877,484
a3bed7c06d06786377ec7ad6d84e9f769cb8f3dd,2022-11-04 20:01:02-07:00,2022-11-04 20:01:02-07:00,pinot-controller/src/main/java/org/apache/pinot/controller/helix/core/PinotHelixResourceManager.java,3824,3824,Fix the server admin endpoint cache to reflect the config changes (#9734),361,212,1.6714502277385115,1.671450231143422,490
d530695c5759ae042896d40c989bed1b4ea872ec,2022-11-04 21:51:01-07:00,2022-11-04 21:51:01-07:00,pinot-controller/src/main/java/org/apache/pinot/controller/helix/core/PinotHelixResourceManager.java,3816,3816,Use ideal state as source of truth for segment existence (#9735),361,212,1.6723229344856918,1.6723229344025299,489
c9a6e5207a6cedf325f4abaeac2970077ab5685d,2022-11-07 13:41:38-08:00,2022-11-07 13:41:38-08:00,pinot-controller/src/main/java/org/apache/pinot/controller/helix/core/PinotHelixResourceManager.java,3814,3814,Clean up the TIMESTAMP index logic to always update table config and schema together (#9725),360,212,1.6724192729584562,1.6724192732161434,489
555e5a04439c614bea8915c9e69327d7390260de,2022-11-23 22:38:10-08:00,2022-11-23 22:38:10-08:00,pinot-controller/src/main/java/org/apache/pinot/controller/helix/core/PinotHelixResourceManager.java,3807,3807,"Combine the read access for replication config (#9849)

* Combine the read access for replication config

Currently, we have a separate configuration for replication.
Offline and HLC reads from `replication` and LLC reads from
`replicasPerPartition`. This PR combines the read access for
the replication config.

* Addressed comments",358,212,1.6718590108857208,1.671859011461158,488
3b80705f8963f9e957ab28ed3a26bdc0eb14230d,2023-01-11 11:21:46-08:00,2023-01-11 11:21:46-08:00,pinot-controller/src/main/java/org/apache/pinot/controller/helix/core/PinotHelixResourceManager.java,3803,3803,Fix bug in colocated tenant creation (#10098),356,210,1.6714392890258356,1.6714392876423478,488
c84eda42c23c47058a58dcc91390d2748d73b1c0,2023-01-13 12:09:33-08:00,2023-01-14 01:39:33+05:30,pinot-controller/src/main/java/org/apache/pinot/controller/helix/core/PinotHelixResourceManager.java,3836,3836,Add controller API for force commit status (#10088),359,212,1.6727166312638055,1.6727166302140024,496
a22fb68ffcfe1827efdba3055432c850647854fd,2023-02-08 16:39:35-08:00,2023-02-08 16:39:35-08:00,pinot-controller/src/main/java/org/apache/pinot/controller/helix/core/PinotHelixResourceManager.java,3846,3846,update an existing API to reset only segments with Error EV (#10239),360,212,1.672999909132944,1.6729999076552626,502
f5579184afe79a2bed23bd58004affea830de936,2023-02-11 08:20:06-08:00,2023-02-11 08:20:06-08:00,pinot-controller/src/main/java/org/apache/pinot/controller/helix/core/PinotHelixResourceManager.java,3848,3848,"improve startReplaceSegments error message (#10264)

* improve startReplaceSegments error message

* remove segmentsFromTable from log",360,212,1.6731391263176212,1.6731391245022174,502
b66f49a63e4de2acb6dd086120caa193f5042d0b,2023-02-15 16:17:39-08:00,2023-02-15 16:17:39-08:00,pinot-controller/src/main/java/org/apache/pinot/controller/helix/core/PinotHelixResourceManager.java,3851,3851,Improve the error message for segment replacement (#10284),357,210,1.6714290948983923,1.6714290945703538,520
ba8aad7ad0c2e13a2e357ab68ccb817c375ae190,2023-02-17 10:57:42-08:00,2023-02-17 10:57:42-08:00,pinot-controller/src/main/java/org/apache/pinot/controller/helix/core/PinotHelixResourceManager.java,3888,3888,"Add a tight retry block to update ZK during endSegmentReplacement (#10290)

- Current implementation waits for all segments to become online.
- By the time we update ZK, it's highly likely that the znode is
  already changed if there is another replacement protocol is
  happening at the same time.
- This PR adds a tight retry block for updating ZNode for segment
  lineage to improve the success rate.",361,212,1.6723356480701324,1.672335645471236,523
7c3c8e87052edca26648a646850b2b17ec0aa690,2023-03-09 10:55:35+05:30,2023-03-09 10:55:35+05:30,pinot-controller/src/main/java/org/apache/pinot/controller/helix/core/PinotHelixResourceManager.java,3916,3916,"Allow replica group assignment support in tier configs (#10255)

* Allow replica group assignment support in tier configs

* Add reassignment logic

* Add tier to assignInstances

* Make changes to APIs

* Consolidate tier assignemnt configs inside InstanceAssignmentConfigsMap

* Add removal logic for tier partitions

* Lint fix

* Review comments

* Review comments

* Add tests

* Fix java8 quickstart

* Fix test

---------

Co-authored-by: Saurabh Dubey <saurabh.dubey@Saurabhs-MacBook-Pro.local>",364,212,1.6722071160102716,1.6722071152028624,531
dadd42cff16cb8f4b7ec510ad73455a198b60e37,2023-03-10 17:55:30+09:00,2023-03-10 00:55:30-08:00,pinot-controller/src/main/java/org/apache/pinot/controller/helix/core/PinotHelixResourceManager.java,3916,3916,Make startReplaceSegments() more robust for NPE (#10403),364,212,1.672207116032539,1.6722071153710711,531
5673c8e6b2fe771384ba7a490346802dbe98c618,2023-03-17 11:54:52-07:00,2023-03-17 11:54:52-07:00,pinot-controller/src/main/java/org/apache/pinot/controller/helix/core/PinotHelixResourceManager.java,3946,3946,RebalanceStatus API changes to track the status/progress of rebalance. (#10359),363,212,1.6721917438103837,1.6721917426241957,537
11272b7eb25b915df617b783f28b06fb5ef9c87d,2023-03-23 17:25:58-07:00,2023-03-23 17:25:58-07:00,pinot-controller/src/main/java/org/apache/pinot/controller/helix/core/PinotHelixResourceManager.java,3946,3946,Added optional force param to the table configs update API (#10441),363,212,1.6721524467324487,1.6721524469751727,537
acaf201153593fa5fbde4fa0758b9359acbd2da1,2023-04-03 22:57:21-07:00,2023-04-03 22:57:21-07:00,pinot-controller/src/main/java/org/apache/pinot/controller/helix/core/PinotHelixResourceManager.java,3945,3945,"Combine ""GET /segments"" API & ""GET /segments/{tableName}/select"" (#10412)

- Add the time filter for ""GET /segments"" API
- Add deprecated annotation for ""GET /segments/{tableName}/select""",363,212,1.6713590399716214,1.6713590383086936,536
28c602bb6a7f91f746e08030e141add1c2b8788f,2023-04-07 16:21:08-07:00,2023-04-07 16:21:08-07:00,pinot-controller/src/main/java/org/apache/pinot/controller/helix/core/PinotHelixResourceManager.java,3946,3946,"Moving Zk updates for reload,force_commit to their own Znodes which will spread out Zk write load across jobTypes (#10451)",362,212,1.6714505682684742,1.6714505684133072,536
003b2a825623da54781cefb9e488e372433820f5,2023-04-13 14:32:49-07:00,2023-04-13 14:32:49-07:00,pinot-controller/src/main/java/org/apache/pinot/controller/helix/core/PinotHelixResourceManager.java,3961,3961,Check EV not exist before allowing creating the table (#10593),363,213,1.6724973905017446,1.6724973919128614,539
b03f5763c4541b50fc84ecdc5015d113e4195dca,2023-04-19 14:04:27-07:00,2023-04-19 14:04:27-07:00,pinot-controller/src/main/java/org/apache/pinot/controller/helix/core/PinotHelixResourceManager.java,3974,3974,Adding an parameter (toSegments) to the endSegmentReplacement API (#10630),364,213,1.6728463370427509,1.6728463378775758,543
53cb451ea9bdb9f375bfdb9775348f8d5e7b23c4,2023-05-01 21:51:15-07:00,2023-05-01 21:51:15-07:00,pinot-controller/src/main/java/org/apache/pinot/controller/helix/core/PinotHelixResourceManager.java,4032,4032,"update segment target tier before table rebalance (#10695)

This PR tries to make index config tier overwriting #10553 more robust.

Turns out the fix in #10642 is not enough, e.g. if one updates tierConfigs in table config and calls rebalance API to move segments around and it happens before SegmentRelocator task kicks in to update the segment target tiers, it's still possible that segments are loaded on the new servers without using the tier specific index configs. So moving the logic that updates segment target tier into rebalanceTable method to be shared by both table rebalance API and SegmentRelocator periodic task.",366,215,1.6714250908280113,1.6714250906251145,556
cad764dcbe8793f7fb1cbec37051c27a753e4f30,2023-05-02 13:41:48-07:00,2023-05-02 13:41:48-07:00,pinot-controller/src/main/java/org/apache/pinot/controller/helix/core/PinotHelixResourceManager.java,4043,4043,"Check if serverTags as configured in tierConfigs are valid (#10705)

* check if serverTags as configured in tierConfigs are valid
* add tests",366,215,1.6714250908284416,1.6714250930572652,559
1ffd804e4da35ac14440a648316213b18b98f41c,2023-05-03 14:55:25-07:00,2023-05-03 14:55:25-07:00,pinot-controller/src/main/java/org/apache/pinot/controller/helix/core/PinotHelixResourceManager.java,4089,4089,Allow custom lineage update and gc (#10679),368,217,1.670865329407527,1.6708653292582625,562
78c05f6301e4d9a537de8e537ed2b0236400d353,2023-05-11 14:17:18-07:00,2023-05-12 00:17:18+03:00,pinot-controller/src/main/java/org/apache/pinot/controller/helix/core/PinotHelixResourceManager.java,4115,4115,"[feature] Consider tierConfigs when assigning new offline segment (#10746)

* Consider tierConfigs when assigning new offline segment

* address remarks

* cleanups

* more nits

* fix test group

* untag servers of cold tenant

---------

Co-authored-by: Alexey Pavlenko <alexey.pavlenko@cloudkitchens.com>",373,218,1.6723917424308032,1.6723917411475813,567
8293facfa065ae7b317403a1bbeb969881a84ec1,2023-05-18 18:13:43-07:00,2023-05-18 18:13:43-07:00,pinot-controller/src/main/java/org/apache/pinot/controller/helix/core/PinotHelixResourceManager.java,4136,4136,Keep last completed segment for retention (#10754),374,219,1.6726787742151197,1.6726787737302797,574
1d9682fc67aca813d7a14b3a7415f545f9420078,2023-06-13 11:38:57-07:00,2023-06-13 11:38:57-07:00,pinot-controller/src/main/java/org/apache/pinot/controller/helix/core/PinotHelixResourceManager.java,4135,4135,Enable case insensitivity by default (#10771),374,219,1.6726741351984311,1.672674135669805,573
ed4774c5d95b3975a72295e52268c47b3e9819fe,2023-06-28 17:33:00-07:00,2023-06-29 06:03:00+05:30,pinot-controller/src/main/java/org/apache/pinot/controller/helix/core/PinotHelixResourceManager.java,4144,4144,"Use pinot-query-planner utils to extract table names in pinot-controller (#10873)

Use pinot-query-planner utils to extract table names in pinot-controller
* Adding support for pushdown of explain plan queries
* cleanup extractTableNamesFromNode util from CalciteSqlParser
* Dispatch to random broker in case of table name parsing issue",375,220,1.6711533417473798,1.6711533408502548,573
878f61357b6868d98a3eb8c84ec1dfb414c44b6f,2023-07-05 23:21:21-07:00,2023-07-06 11:51:21+05:30,pinot-controller/src/main/java/org/apache/pinot/controller/helix/core/PinotHelixResourceManager.java,4159,4159,"Instance drop operation validation check API (#10969)

* extract instance drop validity check code to a separate method

* Add javadoc

* API endpoint to expose the safety validation on instance drop operation

* lint fix

* add license header to new class

* update the endpoint path and method

* pass error list as code, message tuple",375,221,1.6712819504005147,1.671281950897134,573
9d55a460470d76937b55ac8c4b814a6873e5239f,2023-07-25 14:43:27-07:00,2023-07-26 03:13:27+05:30,pinot-controller/src/main/java/org/apache/pinot/controller/helix/core/PinotHelixResourceManager.java,4193,4193,"Instance retag validation check api (#11077)

* API to validate safety of retag operations

* code cleanup and proper error handling

* checkstyle fixes

* handle realtime and offline server tags separately

* get all table configs at once

* logic refactor

* fixes

* test cases

* broker tenant min requirement behaviour fix

* Added docs and comments to improve readability",377,223,1.671000430726005,1.6710004331181834,576
42897ad448735cd1f80c11f8b9fd882df04c0a5b,2023-08-01 23:33:54-07:00,2023-08-01 23:33:54-07:00,pinot-controller/src/main/java/org/apache/pinot/controller/helix/core/PinotHelixResourceManager.java,4191,4191,Remove support for High level consumers in Apache Pinot (#11017),377,222,1.6698081944514245,1.669808196729199,575
0984168988551b97c5a2884f3d2588e75975ff3b,2023-08-04 12:52:17-07:00,2023-08-04 12:52:17-07:00,pinot-controller/src/main/java/org/apache/pinot/controller/helix/core/PinotHelixResourceManager.java,4201,4201,"[multistage] support multi-tenant lookup for v2 engine (#11241)

* support multi-tenant lookup for v2 engine

---------

Co-authored-by: Rong Rong <rongr@startree.ai>",379,224,1.6687886398725464,1.6687886446280196,575
decc4eba2f5f1f4e13ee5f97a62d51518063a7de,2023-08-18 18:39:54-07:00,2023-08-18 18:39:54-07:00,pinot-controller/src/main/java/org/apache/pinot/controller/helix/core/PinotHelixResourceManager.java,4127,4127,Properly handle shutdown of TableDataManager (#11380),368,224,1.6723569966931546,1.672356999876369,569
e26a29ea1491139149157d37c71f24635626d91b,2023-09-15 18:50:15-07:00,2023-09-15 18:50:15-07:00,pinot-controller/src/main/java/org/apache/pinot/controller/helix/core/PinotHelixResourceManager.java,4010,4010,Remove/Deprecate HLC handling code (#11590),347,221,1.6749272670725919,1.6749272710083665,560
5b18145a721fe23f5e55e2463336db58169bd90e,2023-09-22 19:50:28-07:00,2023-09-22 19:50:28-07:00,pinot-controller/src/main/java/org/apache/pinot/controller/helix/core/PinotHelixResourceManager.java,4014,4014,"assign segments for upsert table with respect to ideal state (#11628)

* assign segments for upsert table with respect to ideal state",347,222,1.6761022667903955,1.6761022716196903,560
fb656c5f2373ed286a4c8dea3520b6a0f1800ddd,2023-10-04 11:11:56-07:00,2023-10-04 11:11:56-07:00,pinot-controller/src/main/java/org/apache/pinot/controller/helix/core/PinotHelixResourceManager.java,4006,4006,"Throw exception when schema name doesn't match table name during table creation (#11591)

* Throw exception when schema doesn't matche table name

* Move the validation logic to TableConfigUtils",345,222,1.6761542690639333,1.6761542722316982,556
c96221f697ab9347a1e5dbf145a9d6d660c53d62,2023-10-04 11:51:51-07:00,2023-10-04 11:51:51-07:00,pinot-controller/src/main/java/org/apache/pinot/controller/helix/core/PinotHelixResourceManager.java,4004,4004,"add RebalanceConfig class to replace use of BaseConfiguration for rebalance configs (#11730)

* add RebalanceConfig class to replace use of Configuration for rebalance configs

* remove RebalanceConfigConstants",345,222,1.6763882567945791,1.6763882611334895,556
0174c715358992eeda2c2824e4824515bd1072bd,2023-10-12 14:19:45-07:00,2023-10-12 14:19:45-07:00,pinot-controller/src/main/java/org/apache/pinot/controller/helix/core/PinotHelixResourceManager.java,4003,4003,"move jobId out of rebalanceConfig as it's more like a runtime context (#11790)

* move jobId out of rebalanceConfig as it's more like a runtime context info",345,222,1.6761177002901801,1.6761177045479516,556
16989370cec5dba847984022412844e7f196b507,2023-10-13 09:37:15-07:00,2023-10-13 09:37:15-07:00,pinot-controller/src/main/java/org/apache/pinot/controller/helix/core/PinotHelixResourceManager.java,4025,4025,"reload status should only count online/consuming segments (#11787)

Co-authored-by: Rong Rong <rongr@startree.ai>",346,223,1.6754331886202691,1.6754331921048782,562
cf939ac0babbfcfd54514517cf9fe877006b02ff,2023-10-15 10:24:43-07:00,2023-10-15 10:24:43-07:00,pinot-controller/src/main/java/org/apache/pinot/controller/helix/core/PinotHelixResourceManager.java,4038,4038,"Use expected version in api for table config read modify write change (#11782)

* Always use expected version in api for table config read modify write change

* Adding createTableConfig and setTableConfig for ZKMetadataProvider",348,224,1.67527807290423,1.675278074861312,566
b836e868895b55d8fbb01d5f95c1164ac458f4be,2023-10-16 11:47:00-07:00,2023-10-16 11:47:00-07:00,pinot-controller/src/main/java/org/apache/pinot/controller/helix/core/PinotHelixResourceManager.java,4041,4041,Fix job submission time for reload and foce commit job (#11803),347,224,1.6746491774749828,1.6746491807731185,566
7247da84bcb51c49c8e45354d3e9c2ec05e3e8df,2023-10-16 19:19:18-07:00,2023-10-16 19:19:18-07:00,pinot-controller/src/main/java/org/apache/pinot/controller/helix/core/PinotHelixResourceManager.java,4023,4023,"When reading server to segments map, exclude OFFLINE segments (#11818)",346,223,1.67676030824074,1.676760312191692,561
0cf091a7ef822470fd2c0195a926b35e8cddcf72,2023-10-18 14:33:07-07:00,2023-10-18 14:33:07-07:00,pinot-controller/src/main/java/org/apache/pinot/controller/helix/core/PinotHelixResourceManager.java,4074,4074,"Add support to retry failed table rebalance (#11740)

* add support to retry failed table rebalance
* add exponential retry backoff and more metrics
* add CANCELLED job status and cancelRebalance restful API for users to cancel rebalance",349,226,1.678806284668654,1.6788062877457592,564
54b74803e467c42176a406ac4b65ab6c74643693,2023-10-19 09:13:16-07:00,2023-10-19 09:13:16-07:00,pinot-controller/src/main/java/org/apache/pinot/controller/helix/core/PinotHelixResourceManager.java,4085,4085,"Fix the way of fetching the segment zk metadata for task generators (#11832)

* Fix the way of fetching the segment zk metadata for task generators

Currently, we fetch the list of segment zk metadata directly from
the property store. This can cause the issue when the segment
deletion process fails in the middle (deleted the segment from
idealstate while the zk metadata is not cleaned up).

1. In order to avoid scheduling dangling segment, we should compute
the intersection of segment zk metadata and idealstate.
2. Enhance the outputDir path formulation to become less error prone

* Addressing the comments",349,226,1.678105842015148,1.6781058435596015,564
55f29fe04dc7ed0ff18737fcec5b272969d6aba1,2023-10-29 17:52:35-07:00,2023-10-29 17:52:35-07:00,pinot-controller/src/main/java/org/apache/pinot/controller/helix/core/PinotHelixResourceManager.java,4094,4094,"Adding support for listing dimension tables in /tables API (#11859)

* Adding support for listing dimension tables in /tables API

* Clarified the dimension table type in comment.

* Using table cache to fetch the list of tables

* Incorporated review feedbacks",350,227,1.6778417300076474,1.6778417321035362,564
2e37f2c837dd736ef94b0af4bc3f0d800f279f97,2023-10-30 09:06:39-07:00,2023-10-30 09:06:39-07:00,pinot-controller/src/main/java/org/apache/pinot/controller/helix/core/PinotHelixResourceManager.java,4104,4104,"pre-configuration based assignment (#11578)

* add tenant partition map rest resource

add tenant partition map rest resource

fix logic

refactor and fix some logic

pre-configuration based assignment

* checkstyle

* checkstyle

* checkstyle

* Trigger Test

* Address comments

* refactored branches

* address comments

* address comments

* address comments

* Change the shuffling logic to be compatible with future changes

* add test cases

* address comments

* address comments

* address comments

* change table validation logic

* Trigger Test

* update shuffling logic

* add more logging",350,227,1.6779747241519285,1.6779747241963607,566
6638d4edcbf61a8078f4a1c2e4be36cc428cc239,2023-11-05 21:06:08-08:00,2023-11-06 10:36:08+05:30,pinot-controller/src/main/java/org/apache/pinot/controller/helix/core/PinotHelixResourceManager.java,4113,4113,"[bugfix]Add logs to track sequence of events for table creation (#11946)

* Added logs to track sequence of events for table creation

* modified the logs

* modified log alignment

* changed wordings

* adressed PR comments

* rephrased a log line",353,227,1.6779517366024332,1.6779517383073967,566
2acf8ea354b30e2e8415cb763bae34f37cf26c6a,2024-01-26 10:49:09-08:00,2024-01-26 10:49:09-08:00,pinot-controller/src/main/java/org/apache/pinot/controller/helix/core/PinotHelixResourceManager.java,4113,4113,correct errmsg format for Preconditions.check... (#12327),353,227,1.6780586818962255,1.678058682465206,566
7e6117f046cb1840c382535196233fb63540a745,2024-02-28 14:35:42-08:00,2024-02-29 04:05:42+05:30,pinot-controller/src/main/java/org/apache/pinot/controller/helix/core/PinotHelixResourceManager.java,4122,4122,Add controller API to get allLiveInstances (#12498),354,228,1.6783893480635181,1.6783893502445417,566
704f73d4f91e369a8a3fb2081ee5a3ba50a0daa5,2024-02-28 23:16:43-08:00,2024-02-28 23:16:43-08:00,pinot-controller/src/main/java/org/apache/pinot/controller/helix/core/PinotHelixResourceManager.java,4122,4122,update ControllerJobType from enum to string (#12518),354,228,1.6778133708703176,1.6778133735359189,566
2249be357b89a27b1fb74879b4235393dd4e53d0,2024-02-29 10:42:53-08:00,2024-03-01 00:12:53+05:30,pinot-controller/src/main/java/org/apache/pinot/controller/helix/core/PinotHelixResourceManager.java,4126,4126,Rest Endpoint to Create ZNode (#12497),355,229,1.677250571182497,1.6772505714822412,566
964ff0ce85e948e71ec3404877fd672567ca9b8d,2024-03-05 11:56:34-08:00,2024-03-05 11:56:34-08:00,pinot-controller/src/main/java/org/apache/pinot/controller/helix/core/PinotHelixResourceManager.java,4132,4132,Fix environment variables not applied when creating table (#12560),357,229,1.6773113337826548,1.6773113332002638,567
88c901a5fc520726b24214739f53ec45fffeae8a,2024-03-07 22:56:07-08:00,2024-03-07 22:56:07-08:00,pinot-controller/src/main/java/org/apache/pinot/controller/helix/core/PinotHelixResourceManager.java,4141,4141,"Update 'instances' API with ability to filter by tag (#12585)

Co-authored-by: Xiaotian (Jackie) Jiang <17555551+Jackie-Jiang@users.noreply.github.com>",358,230,1.6775468715309232,1.6775468715221848,567
b06c0613fe76c4c5e9c6989e010642a39b60c1d8,2024-03-12 16:58:45-07:00,2024-03-13 04:58:45+05:00,pinot-controller/src/main/java/org/apache/pinot/controller/helix/core/PinotHelixResourceManager.java,4236,4236,Allow passing database context through `database` http header (#12417),368,239,1.6785613475951697,1.6785613486944615,579
e1aee5fd071257f969c694f36f9a413e29964903,2024-03-13 09:35:11-07:00,2024-03-13 09:35:11-07:00,pinot-controller/src/main/java/org/apache/pinot/controller/helix/core/PinotHelixResourceManager.java,4192,4192,Remove rest APIs that was deprecated more than 4 years ago (#12639),365,236,1.6816301564542313,1.6816301558208133,573
00fdc5f5117e8a8aa40aa1720c31f218c3f35b30,2024-03-21 22:29:48-07:00,2024-03-22 10:29:48+05:00,pinot-controller/src/main/java/org/apache/pinot/controller/helix/core/PinotHelixResourceManager.java,4187,4187,[multistage] support database/namespace in v2 (#12591),364,235,1.6827155904355298,1.6827155933887081,569
2b47523fafe58a009042f6f2f0210246279bf51b,2024-03-26 11:11:47-07:00,2024-03-26 23:41:47+05:30,pinot-controller/src/main/java/org/apache/pinot/controller/helix/core/PinotHelixResourceManager.java,4220,4220,Consistency in API response for live broker (#12201),367,237,1.6835597861604787,1.6835597873618668,575
eb8fbba11c6c1d466d0d084b9cbca62556fcdcf3,2024-04-03 17:27:33+05:30,2024-04-03 16:57:33+05:00,pinot-controller/src/main/java/org/apache/pinot/controller/helix/core/PinotHelixResourceManager.java,4221,4221,"Deprecate PinotHelixResourceManager#getAllTables() in favour of getAllTables(String databaseName) (#12782)

* Deprecate getAllTables() in favour of getAllTables(databaseName)

* Adapt getAllTables() consumers to iterate over all tables across databases

* mock fixes",367,237,1.683361893770492,1.6833618924078073,575
00b5a73b20415aaea0f9bb4f44c07ad21f563193,2024-04-08 01:10:31-07:00,2024-04-08 01:10:31-07:00,pinot-controller/src/main/java/org/apache/pinot/controller/helix/core/PinotHelixResourceManager.java,4200,4200,Keep get tables API with and without database (#12804),367,237,1.686096795955644,1.686096798595389,567
6bf0f6206846d1efb3e026dc5f3a85e33b7d15b1,2024-05-15 11:22:37-07:00,2024-05-15 23:52:37+05:30,pinot-controller/src/main/java/org/apache/pinot/controller/helix/core/PinotHelixResourceManager.java,4200,4200,Use parameterized log messages instead of string concatenation (#13145),367,237,1.6860438731416707,1.6860438746280026,567
5d9f6513d1d6e163ab3406569960f50e2139c659,2024-05-28 12:16:43-07:00,2024-05-29 00:46:43+05:30,pinot-controller/src/main/java/org/apache/pinot/controller/helix/core/PinotHelixResourceManager.java,4200,4200,Fix error message for insufficient number of untagged brokers during tenant creation (#13234),367,237,1.6860455931773974,1.6860455938059593,567
5da68d7ff0f4d9000a03d38ae72eeabf12c5d97c,2024-06-08 21:23:23-07:00,2024-06-09 09:53:23+05:30,pinot-controller/src/main/java/org/apache/pinot/controller/helix/core/PinotHelixResourceManager.java,4203,4203,Improve Retention Manager Segment Lineage Clean Up (#13232),368,237,1.6855465166460153,1.6855465165846897,567
8dab53ae4efd4475cbd23b7b808fb684018a4cb0,2024-06-27 13:01:23-07:00,2024-06-27 16:01:23-04:00,pinot-controller/src/main/java/org/apache/pinot/controller/helix/core/PinotHelixResourceManager.java,4203,4203,Remove legacy commons-collections dependency. (#13501),368,237,1.6855465166460153,1.6855465162252428,567
d7fff776befae80b29252a096c448fcf27d3f052,2024-06-28 08:37:52-07:00,2024-06-28 21:07:52+05:30,pinot-controller/src/main/java/org/apache/pinot/controller/helix/core/PinotHelixResourceManager.java,4212,4212,"Allow PintoHelixResourceManager subclasses to be used in the controller starter by providing an overridable PinotHelixResouceManager object creator function (#13495)

* Allow PintoHelixResourceManager subclasses to be used in the controller starter
by providing an overridable PinotHelixResouceManager object creator function

---------

Co-authored-by: Aman Khanchandani <aman@startree.ai>
Co-authored-by: Xiaotian (Jackie) Jiang <17555551+Jackie-Jiang@users.noreply.github.com>",369,238,1.686075524565794,1.6860755239851897,567
9a7e11682a56761684edb1aae4a7ec5b9984c6b8,2024-08-05 09:12:26+05:30,2024-08-05 08:42:26+05:00,pinot-controller/src/main/java/org/apache/pinot/controller/helix/core/PinotHelixResourceManager.java,4268,4268,Database query quota (#13544),374,242,1.6828024772134287,1.6828024758222586,571
2bd6fb82bbf057192afd75f4a2fbcfc1180885b1,2024-08-07 15:08:56-07:00,2024-08-07 15:08:56-07:00,pinot-controller/src/main/java/org/apache/pinot/controller/helix/core/PinotHelixResourceManager.java,4294,4294,Acquire a lock before updating the table lineage record (#13735),375,245,1.6884301135441324,1.6884301168327107,572
c662e43b5bbc2428a372d778048db6c4758e1fff,2024-08-28 16:41:43-07:00,2024-08-28 16:41:43-07:00,pinot-controller/src/main/java/org/apache/pinot/controller/helix/core/PinotHelixResourceManager.java,4314,4314,UI Load time Improvement API Fixes #13278 (#13296),376,246,1.6882519028037357,1.6882519053198564,577
3f324a4f0bfdecb1b14e459deec647a2ff2f734d,2024-09-02 21:02:53-07:00,2024-09-02 21:02:53-07:00,pinot-controller/src/main/java/org/apache/pinot/controller/helix/core/PinotHelixResourceManager.java,4313,4313,Reduce the overhead of PinotHelixResourceManager.getSegmentsFor() when no time filtering is required (#13928),376,246,1.6883422594794801,1.688342262304531,577
2ac6011e468bb11cce6381b4de4b7cfc377e19e9,2024-09-04 12:46:24-07:00,2024-09-04 12:46:24-07:00,pinot-controller/src/main/java/org/apache/pinot/controller/helix/core/PinotHelixResourceManager.java,4316,4316,Short circuit the deleteSegments method when segmentNames is empty (#13937),376,246,1.6884327830560406,1.6884327844749165,578
f5327a512ab90b6137c88c2fbaf0c517c8ac50b6,2024-09-07 08:48:32-07:00,2024-09-07 08:48:32-07:00,pinot-controller/src/main/java/org/apache/pinot/controller/helix/core/PinotHelixResourceManager.java,4318,4318,Acquire IdealStateUpdaterLock for PinotLLCRealtimeSegmentManager IdealState update (#13947),376,246,1.6885005293151196,1.6885005312701573,578
601c5b73540b34dd159fc5c12521e37706c0d31e,2024-09-10 12:26:09-07:00,2024-09-11 00:56:09+05:30,pinot-controller/src/main/java/org/apache/pinot/controller/helix/core/PinotHelixResourceManager.java,4320,4320,"Handling of empty server tags in controller's availability check (#13954)

* Fix for untag in server

* Fix for typo

* Unit test cases for un-tagged

* Unit test cases for un-tagged

* Add unit test case for negtive scenario

* Improve the code for duplicate config load

* Improve the code for duplicate config load

* Improve the code for duplicate config load

---------

Co-authored-by: anandheritage <anandkr.shaw@angelbroking.com>",377,246,1.6880478374587644,1.6880478375920747,578
717895be6961aaa213f57b1438cd7faed2c0f16d,2024-09-14 22:58:00+08:00,2024-09-14 22:58:00+08:00,pinot-controller/src/main/java/org/apache/pinot/controller/helix/core/PinotHelixResourceManager.java,4304,4304,Group commit IdealState updates (#13976),375,244,1.684510006409902,1.6845100061422296,577
4a7a1cd52fbf6b176fdfbd52872c3acdd763f50e,2024-09-18 13:37:04-07:00,2024-09-19 02:07:04+05:30,pinot-controller/src/main/java/org/apache/pinot/controller/helix/core/PinotHelixResourceManager.java,4330,4330,Don't replace environment variables and system properties in get table configs REST API (#14002),377,246,1.6841287357141754,1.68412873491503,577
90e7562954b8a8ed87457df53e2b93598eebb26a,2024-09-24 14:04:17-07:00,2024-09-24 14:04:17-07:00,pinot-controller/src/main/java/org/apache/pinot/controller/helix/core/PinotHelixResourceManager.java,4408,4408,Added support to upload segments in batch mode with METADATA upload type (#13646),381,247,1.6832534550085279,1.683253457237417,592
49896eb3ba40ecc1494b1cc1783466c03aa7f832,2024-09-24 15:20:08-07:00,2024-09-24 15:20:08-07:00,pinot-controller/src/main/java/org/apache/pinot/controller/helix/core/PinotHelixResourceManager.java,4407,4407,Fix build after merging #13646 (#14072),381,247,1.6833959625900283,1.683395964706848,592
75907372b01573128fecb8c412169eaec6df760b,2024-10-21 21:37:37+05:30,2024-10-21 21:37:37+05:30,pinot-controller/src/main/java/org/apache/pinot/controller/helix/core/PinotHelixResourceManager.java,4436,4436,"Added validation for minionInstanceTag while updating / creating table-config (#14228)

* Adding minion task config validation

* Added UTs

* Fixed failing UTs

* Fixed failing UTs

* Fixed failing UTs

* validating the error message",387,248,1.6838820260497716,1.6838820262270562,597
abb38c3f26ac27f13302417dd298db4b7eb3d90b,2024-10-22 15:55:53+02:00,2024-10-22 15:55:53+02:00,pinot-controller/src/main/java/org/apache/pinot/controller/helix/core/PinotHelixResourceManager.java,4480,4480,"Add support for application-level query quota. (#14226)

Adds a way to throttle queries (executed with both v1 or v2 engine) based on applicationName query option.
Queries such as :

```
set applicationName='test';
select * from tables
```",392,252,1.684110566139529,1.6841105653268558,600
8bdfb76f12beea389fcde910f8e6875462311452,2024-10-29 13:02:26+05:30,2024-10-29 13:02:26+05:30,pinot-controller/src/main/java/org/apache/pinot/controller/helix/core/PinotHelixResourceManager.java,4485,4485,"[Bugfix] delete segment API always deletes consuming segments (#14293)

* [Bugfix] delete segment API always deletes consuming segments

* address comments",392,252,1.6842911275609447,1.6842911276949504,604
577830cbe0a185219e3a2c3c5d22ac4d038877b1,2024-11-05 18:03:25-08:00,2024-11-05 18:03:25-08:00,pinot-controller/src/main/java/org/apache/pinot/controller/helix/core/PinotHelixResourceManager.java,4488,4488,allow to set targetInstance for reloadSegment (#14393),392,252,1.6846250285700315,1.6846250267740959,608
a9abd143f0e0c8dee991239931d59f4db186093d,2024-11-21 01:04:52+05:30,2024-11-21 01:04:52+05:30,pinot-controller/src/main/java/org/apache/pinot/controller/helix/core/PinotHelixResourceManager.java,4498,4498,"Minion Task to support automatic Segment Refresh (#14300)

* Minion Task to support automatic Segment Refresh

* Address review comments

* Address review comments.",394,254,1.6825511826586903,1.6825511793751873,608
2a2a2d1e4330f9b0e38d756e7d3bb4f894a8caf1,2024-11-21 13:24:16-08:00,2024-11-21 13:24:16-08:00,pinot-controller/src/main/java/org/apache/pinot/controller/helix/core/PinotHelixResourceManager.java,4506,4506,make update segment.tier and rebalance table consistent on segment's tier (#14516),394,254,1.6827882515028525,1.6827882514782824,609
95b075b52765088e1a27cc420f49a468bcd789bb,2024-12-05 06:57:25-08:00,2024-12-05 06:57:25-08:00,pinot-controller/src/main/java/org/apache/pinot/controller/helix/core/PinotHelixResourceManager.java,4559,4559,"Batch reload api to specify what segments to be reloaded on what servers to be more flexible (#14544)

* extend existing reload all segments API to make it more flexible, by taking a map to reload different batch of segments on different instances",398,256,1.6817882965222897,1.6817882967628044,621
35848996abae32637327ab90e930eabbe2aeb624,2024-12-12 10:32:25-08:00,2024-12-13 00:02:25+05:30,pinot-controller/src/main/java/org/apache/pinot/controller/helix/core/PinotHelixResourceManager.java,4585,4585,Expose QueryScheduler from ServerInstance & Custom interface (#14630),398,257,1.682833225777159,1.6828332258223033,621
3525116ac277e39e28331d955e968a13df62f8bf,2025-01-29 12:03:47+05:30,2025-01-29 12:03:47+05:30,pinot-controller/src/main/java/org/apache/pinot/controller/helix/core/PinotHelixResourceManager.java,4594,4594,Pauseless Ingestion #2: Handle Failure scenarios without DR (#14798),399,258,1.6821877780158738,1.6821877837346235,621
